Command line invocation:
    /Applications/Xcode.app/Contents/Developer/usr/bin/xcodebuild build-for-testing -scheme SafePath -destination "platform=iOS Simulator,name=iPhone 16 Pro"

Resolve Package Graph


Resolved source packages:
  InteropForGoogle: https://github.com/google/interop-ios-for-google-sdks.git @ 101.0.0
  AppCheck: https://github.com/google/app-check.git @ 11.2.0
  Promises: https://github.com/google/promises.git @ 2.4.0
  abseil: https://github.com/google/abseil-cpp-binary.git @ 1.2024072200.0
  GTMSessionFetcher: https://github.com/google/gtm-session-fetcher.git @ 5.2.0
  gRPC: https://github.com/google/grpc-binary.git @ 1.69.1
  Firebase: https://github.com/firebase/firebase-ios-sdk.git @ 12.12.1
  nanopb: https://github.com/firebase/nanopb.git @ 2.30910.0
  GoogleUtilities: https://github.com/google/GoogleUtilities.git @ 8.1.0
  GoogleAdsOnDeviceConversion: https://github.com/googleads/google-ads-on-device-conversion-ios-sdk @ 3.5.0
  leveldb: https://github.com/firebase/leveldb.git @ 1.22.5
  GoogleAppMeasurement: https://github.com/google/GoogleAppMeasurement.git @ 12.12.1
  GoogleDataTransport: https://github.com/google/GoogleDataTransport.git @ 10.1.0

ComputePackagePrebuildTargetDependencyGraph

Prepare packages

CreateBuildRequest

SendProjectDescription

CreateBuildOperation

ComputeTargetDependencyGraph
note: Building targets in dependency order
note: Target dependency graph (61 targets)
    Target 'SafePathAppTests' in project 'SafePath'
        ➜ Explicit dependency on target 'SafePath' in project 'SafePath'
    Target 'SafePath' in project 'SafePath'
        ➜ Explicit dependency on target 'SafePathWatch Watch App' in project 'SafePath'
        ➜ Explicit dependency on target 'FirebaseAuth' in project 'Firebase'
        ➜ Explicit dependency on target 'FirebaseCore' in project 'Firebase'
        ➜ Explicit dependency on target 'FirebaseFirestore' in project 'Firebase'
    Target 'FirebaseFirestore' in project 'Firebase'
        ➜ Explicit dependency on target 'FirebaseFirestoreTarget' in project 'Firebase'
        ➜ Explicit dependency on target 'FirebaseFirestoreInternalWrapper' in project 'Firebase'
        ➜ Explicit dependency on target 'FirebaseAppCheckInterop' in project 'Firebase'
        ➜ Explicit dependency on target 'Firebase' in project 'Firebase'
        ➜ Explicit dependency on target 'FirebaseCoreInternal' in project 'Firebase'
        ➜ Explicit dependency on target 'FirebaseCore' in project 'Firebase'
        ➜ Explicit dependency on target 'FirebaseCoreExtension' in project 'Firebase'
        ➜ Explicit dependency on target 'FirebaseSharedSwift' in project 'Firebase'
        ➜ Explicit dependency on target 'FirebaseFirestore' in project 'Firebase'
        ➜ Explicit dependency on target 'GULNSData' in project 'GoogleUtilities'
        ➜ Explicit dependency on target 'GULEnvironment' in project 'GoogleUtilities'
        ➜ Explicit dependency on target 'GULLogger' in project 'GoogleUtilities'
        ➜ Explicit dependency on target 'abseil' in project 'abseil'
        ➜ Explicit dependency on target 'gRPC-C++' in project 'gRPC'
        ➜ Explicit dependency on target 'nanopb' in project 'nanopb'
        ➜ Explicit dependency on target 'leveldb' in project 'leveldb'
    Target 'FirebaseFirestoreTarget' in project 'Firebase'
        ➜ Explicit dependency on target 'FirebaseFirestoreInternalWrapper' in project 'Firebase'
        ➜ Explicit dependency on target 'FirebaseAppCheckInterop' in project 'Firebase'
        ➜ Explicit dependency on target 'Firebase' in project 'Firebase'
        ➜ Explicit dependency on target 'FirebaseCoreInternal' in project 'Firebase'
        ➜ Explicit dependency on target 'FirebaseCore' in project 'Firebase'
        ➜ Explicit dependency on target 'FirebaseCoreExtension' in project 'Firebase'
        ➜ Explicit dependency on target 'FirebaseSharedSwift' in project 'Firebase'
        ➜ Explicit dependency on target 'FirebaseFirestore' in project 'Firebase'
        ➜ Explicit dependency on target 'GULNSData' in project 'GoogleUtilities'
        ➜ Explicit dependency on target 'GULEnvironment' in project 'GoogleUtilities'
        ➜ Explicit dependency on target 'GULLogger' in project 'GoogleUtilities'
        ➜ Explicit dependency on target 'abseil' in project 'abseil'
        ➜ Explicit dependency on target 'gRPC-C++' in project 'gRPC'
        ➜ Explicit dependency on target 'nanopb' in project 'nanopb'
        ➜ Explicit dependency on target 'leveldb' in project 'leveldb'
    Target 'FirebaseFirestore' in project 'Firebase'
        ➜ Explicit dependency on target 'Firebase_FirebaseFirestore' in project 'Firebase'
        ➜ Explicit dependency on target 'FirebaseFirestoreInternalWrapper' in project 'Firebase'
        ➜ Explicit dependency on target 'FirebaseAppCheckInterop' in project 'Firebase'
        ➜ Explicit dependency on target 'Firebase' in project 'Firebase'
        ➜ Explicit dependency on target 'FirebaseCoreInternal' in project 'Firebase'
        ➜ Explicit dependency on target 'FirebaseCore' in project 'Firebase'
        ➜ Explicit dependency on target 'FirebaseCoreExtension' in project 'Firebase'
        ➜ Explicit dependency on target 'FirebaseSharedSwift' in project 'Firebase'
        ➜ Explicit dependency on target 'GULNSData' in project 'GoogleUtilities'
        ➜ Explicit dependency on target 'GULEnvironment' in project 'GoogleUtilities'
        ➜ Explicit dependency on target 'GULLogger' in project 'GoogleUtilities'
        ➜ Explicit dependency on target 'abseil' in project 'abseil'
        ➜ Explicit dependency on target 'gRPC-C++' in project 'gRPC'
        ➜ Explicit dependency on target 'nanopb' in project 'nanopb'
        ➜ Explicit dependency on target 'leveldb' in project 'leveldb'
    Target 'leveldb' in project 'leveldb'
        ➜ Explicit dependency on target 'leveldb' in project 'leveldb'
        ➜ Explicit dependency on target 'leveldb_leveldb' in project 'leveldb'
    Target 'leveldb' in project 'leveldb'
        ➜ Explicit dependency on target 'leveldb_leveldb' in project 'leveldb'
    Target 'leveldb_leveldb' in project 'leveldb' (no dependencies)
    Target 'nanopb' in project 'nanopb'
        ➜ Explicit dependency on target 'nanopb' in project 'nanopb'
        ➜ Explicit dependency on target 'nanopb_nanopb' in project 'nanopb'
    Target 'nanopb' in project 'nanopb'
        ➜ Explicit dependency on target 'nanopb_nanopb' in project 'nanopb'
    Target 'nanopb_nanopb' in project 'nanopb' (no dependencies)
    Target 'gRPC-C++' in project 'gRPC'
        ➜ Explicit dependency on target 'grpcppWrapper' in project 'gRPC'
        ➜ Explicit dependency on target 'gRPC_grpcppWrapper' in project 'gRPC'
        ➜ Explicit dependency on target 'grpcWrapper' in project 'gRPC'
        ➜ Explicit dependency on target 'opensslWrapper' in project 'gRPC'
        ➜ Explicit dependency on target 'abseil' in project 'abseil'
    Target 'grpcppWrapper' in project 'gRPC'
        ➜ Explicit dependency on target 'gRPC_grpcppWrapper' in project 'gRPC'
        ➜ Explicit dependency on target 'grpcWrapper' in project 'gRPC'
        ➜ Explicit dependency on target 'opensslWrapper' in project 'gRPC'
        ➜ Explicit dependency on target 'abseil' in project 'abseil'
    Target 'opensslWrapper' in project 'gRPC'
        ➜ Explicit dependency on target 'gRPC_opensslWrapper' in project 'gRPC'
    Target 'gRPC_opensslWrapper' in project 'gRPC' (no dependencies)
    Target 'grpcWrapper' in project 'gRPC'
        ➜ Explicit dependency on target 'gRPC_grpcWrapper' in project 'gRPC'
    Target 'gRPC_grpcWrapper' in project 'gRPC' (no dependencies)
    Target 'gRPC_grpcppWrapper' in project 'gRPC' (no dependencies)
    Target 'abseil' in project 'abseil'
        ➜ Explicit dependency on target 'abslWrapper' in project 'abseil'
        ➜ Explicit dependency on target 'abseil_abslWrapper' in project 'abseil'
    Target 'abslWrapper' in project 'abseil'
        ➜ Explicit dependency on target 'abseil_abslWrapper' in project 'abseil'
    Target 'abseil_abslWrapper' in project 'abseil' (no dependencies)
    Target 'Firebase_FirebaseFirestore' in project 'Firebase' (no dependencies)
    Target 'FirebaseSharedSwift' in project 'Firebase' (no dependencies)
    Target 'FirebaseFirestoreInternalWrapper' in project 'Firebase' (no dependencies)
    Target 'FirebaseCore' in project 'Firebase'
        ➜ Explicit dependency on target 'FirebaseCore' in project 'Firebase'
        ➜ Explicit dependency on target 'Firebase_FirebaseCore' in project 'Firebase'
        ➜ Explicit dependency on target 'Firebase' in project 'Firebase'
        ➜ Explicit dependency on target 'FirebaseCoreInternal' in project 'Firebase'
        ➜ Explicit dependency on target 'GULNSData' in project 'GoogleUtilities'
        ➜ Explicit dependency on target 'GULEnvironment' in project 'GoogleUtilities'
        ➜ Explicit dependency on target 'GULLogger' in project 'GoogleUtilities'
    Target 'FirebaseAuth' in project 'Firebase'
        ➜ Explicit dependency on target 'FirebaseAuth' in project 'Firebase'
        ➜ Explicit dependency on target 'Firebase_FirebaseAuth' in project 'Firebase'
        ➜ Explicit dependency on target 'FirebaseAppCheckInterop' in project 'Firebase'
        ➜ Explicit dependency on target 'FirebaseAuthInterop' in project 'Firebase'
        ➜ Explicit dependency on target 'FirebaseAuthInternal' in project 'Firebase'
        ➜ Explicit dependency on target 'Firebase' in project 'Firebase'
        ➜ Explicit dependency on target 'FirebaseCoreInternal' in project 'Firebase'
        ➜ Explicit dependency on target 'FirebaseCore' in project 'Firebase'
        ➜ Explicit dependency on target 'FirebaseCoreExtension' in project 'Firebase'
        ➜ Explicit dependency on target 'RecaptchaInterop' in project 'InteropForGoogle'
        ➜ Explicit dependency on target 'GULNSData' in project 'GoogleUtilities'
        ➜ Explicit dependency on target 'GULEnvironment' in project 'GoogleUtilities'
        ➜ Explicit dependency on target 'GULLogger' in project 'GoogleUtilities'
        ➜ Explicit dependency on target 'GULAppDelegateSwizzler' in project 'GoogleUtilities'
        ➜ Explicit dependency on target 'GTMSessionFetcherCore' in project 'GTMSessionFetcher'
    Target 'FirebaseAuth' in project 'Firebase'
        ➜ Explicit dependency on target 'Firebase_FirebaseAuth' in project 'Firebase'
        ➜ Explicit dependency on target 'FirebaseAppCheckInterop' in project 'Firebase'
        ➜ Explicit dependency on target 'FirebaseAuthInterop' in project 'Firebase'
        ➜ Explicit dependency on target 'FirebaseAuthInternal' in project 'Firebase'
        ➜ Explicit dependency on target 'Firebase' in project 'Firebase'
        ➜ Explicit dependency on target 'FirebaseCoreInternal' in project 'Firebase'
        ➜ Explicit dependency on target 'FirebaseCore' in project 'Firebase'
        ➜ Explicit dependency on target 'FirebaseCoreExtension' in project 'Firebase'
        ➜ Explicit dependency on target 'RecaptchaInterop' in project 'InteropForGoogle'
        ➜ Explicit dependency on target 'GULNSData' in project 'GoogleUtilities'
        ➜ Explicit dependency on target 'GULEnvironment' in project 'GoogleUtilities'
        ➜ Explicit dependency on target 'GULLogger' in project 'GoogleUtilities'
        ➜ Explicit dependency on target 'GULAppDelegateSwizzler' in project 'GoogleUtilities'
        ➜ Explicit dependency on target 'GTMSessionFetcherCore' in project 'GTMSessionFetcher'
    Target 'GTMSessionFetcherCore' in project 'GTMSessionFetcher'
        ➜ Explicit dependency on target 'GTMSessionFetcherCore' in project 'GTMSessionFetcher'
        ➜ Explicit dependency on target 'GTMSessionFetcher_GTMSessionFetcherCore' in project 'GTMSessionFetcher'
    Target 'GTMSessionFetcherCore' in project 'GTMSessionFetcher'
        ➜ Explicit dependency on target 'GTMSessionFetcher_GTMSessionFetcherCore' in project 'GTMSessionFetcher'
    Target 'GTMSessionFetcher_GTMSessionFetcherCore' in project 'GTMSessionFetcher' (no dependencies)
    Target 'GULAppDelegateSwizzler' in project 'GoogleUtilities'
        ➜ Explicit dependency on target 'GoogleUtilities-AppDelegateSwizzler' in project 'GoogleUtilities'
        ➜ Explicit dependency on target 'GoogleUtilities_GoogleUtilities-AppDelegateSwizzler' in project 'GoogleUtilities'
        ➜ Explicit dependency on target 'third-party-IsAppEncrypted' in project 'GoogleUtilities'
        ➜ Explicit dependency on target 'GoogleUtilities-Environment' in project 'GoogleUtilities'
        ➜ Explicit dependency on target 'GoogleUtilities-Logger' in project 'GoogleUtilities'
        ➜ Explicit dependency on target 'GoogleUtilities-NSData' in project 'GoogleUtilities'
        ➜ Explicit dependency on target 'GoogleUtilities-Reachability' in project 'GoogleUtilities'
        ➜ Explicit dependency on target 'GoogleUtilities-Network' in project 'GoogleUtilities'
    Target 'GoogleUtilities-AppDelegateSwizzler' in project 'GoogleUtilities'
        ➜ Explicit dependency on target 'GoogleUtilities_GoogleUtilities-AppDelegateSwizzler' in project 'GoogleUtilities'
        ➜ Explicit dependency on target 'third-party-IsAppEncrypted' in project 'GoogleUtilities'
        ➜ Explicit dependency on target 'GoogleUtilities-Environment' in project 'GoogleUtilities'
        ➜ Explicit dependency on target 'GoogleUtilities-Logger' in project 'GoogleUtilities'
        ➜ Explicit dependency on target 'GoogleUtilities-NSData' in project 'GoogleUtilities'
        ➜ Explicit dependency on target 'GoogleUtilities-Reachability' in project 'GoogleUtilities'
        ➜ Explicit dependency on target 'GoogleUtilities-Network' in project 'GoogleUtilities'
    Target 'GoogleUtilities-Network' in project 'GoogleUtilities'
        ➜ Explicit dependency on target 'GoogleUtilities_GoogleUtilities-Network' in project 'GoogleUtilities'
        ➜ Explicit dependency on target 'third-party-IsAppEncrypted' in project 'GoogleUtilities'
        ➜ Explicit dependency on target 'GoogleUtilities-Environment' in project 'GoogleUtilities'
        ➜ Explicit dependency on target 'GoogleUtilities-Logger' in project 'GoogleUtilities'
        ➜ Explicit dependency on target 'GoogleUtilities-NSData' in project 'GoogleUtilities'
        ➜ Explicit dependency on target 'GoogleUtilities-Reachability' in project 'GoogleUtilities'
    Target 'GoogleUtilities_GoogleUtilities-Network' in project 'GoogleUtilities' (no dependencies)
    Target 'GoogleUtilities-Reachability' in project 'GoogleUtilities'
        ➜ Explicit dependency on target 'GoogleUtilities_GoogleUtilities-Reachability' in project 'GoogleUtilities'
        ➜ Explicit dependency on target 'third-party-IsAppEncrypted' in project 'GoogleUtilities'
        ➜ Explicit dependency on target 'GoogleUtilities-Environment' in project 'GoogleUtilities'
        ➜ Explicit dependency on target 'GoogleUtilities-Logger' in project 'GoogleUtilities'
    Target 'GoogleUtilities_GoogleUtilities-Reachability' in project 'GoogleUtilities' (no dependencies)
    Target 'GoogleUtilities_GoogleUtilities-AppDelegateSwizzler' in project 'GoogleUtilities' (no dependencies)
    Target 'FirebaseCoreExtension' in project 'Firebase'
        ➜ Explicit dependency on target 'Firebase_FirebaseCoreExtension' in project 'Firebase'
    Target 'Firebase_FirebaseCoreExtension' in project 'Firebase' (no dependencies)
    Target 'FirebaseCore' in project 'Firebase'
        ➜ Explicit dependency on target 'Firebase_FirebaseCore' in project 'Firebase'
        ➜ Explicit dependency on target 'Firebase' in project 'Firebase'
        ➜ Explicit dependency on target 'FirebaseCoreInternal' in project 'Firebase'
        ➜ Explicit dependency on target 'GULNSData' in project 'GoogleUtilities'
        ➜ Explicit dependency on target 'GULEnvironment' in project 'GoogleUtilities'
        ➜ Explicit dependency on target 'GULLogger' in project 'GoogleUtilities'
    Target 'GULLogger' in project 'GoogleUtilities'
        ➜ Explicit dependency on target 'GoogleUtilities-Logger' in project 'GoogleUtilities'
        ➜ Explicit dependency on target 'GoogleUtilities_GoogleUtilities-Logger' in project 'GoogleUtilities'
        ➜ Explicit dependency on target 'third-party-IsAppEncrypted' in project 'GoogleUtilities'
        ➜ Explicit dependency on target 'GoogleUtilities-Environment' in project 'GoogleUtilities'
    Target 'GoogleUtilities-Logger' in project 'GoogleUtilities'
        ➜ Explicit dependency on target 'GoogleUtilities_GoogleUtilities-Logger' in project 'GoogleUtilities'
        ➜ Explicit dependency on target 'third-party-IsAppEncrypted' in project 'GoogleUtilities'
        ➜ Explicit dependency on target 'GoogleUtilities-Environment' in project 'GoogleUtilities'
    Target 'GoogleUtilities_GoogleUtilities-Logger' in project 'GoogleUtilities' (no dependencies)
    Target 'GULEnvironment' in project 'GoogleUtilities'
        ➜ Explicit dependency on target 'GoogleUtilities-Environment' in project 'GoogleUtilities'
        ➜ Explicit dependency on target 'GoogleUtilities_GoogleUtilities-Environment' in project 'GoogleUtilities'
        ➜ Explicit dependency on target 'third-party-IsAppEncrypted' in project 'GoogleUtilities'
    Target 'GoogleUtilities-Environment' in project 'GoogleUtilities'
        ➜ Explicit dependency on target 'GoogleUtilities_GoogleUtilities-Environment' in project 'GoogleUtilities'
        ➜ Explicit dependency on target 'third-party-IsAppEncrypted' in project 'GoogleUtilities'
    Target 'third-party-IsAppEncrypted' in project 'GoogleUtilities' (no dependencies)
    Target 'GoogleUtilities_GoogleUtilities-Environment' in project 'GoogleUtilities' (no dependencies)
    Target 'Firebase_FirebaseCore' in project 'Firebase' (no dependencies)
    Target 'FirebaseCoreInternal' in project 'Firebase'
        ➜ Explicit dependency on target 'Firebase_FirebaseCoreInternal' in project 'Firebase'
        ➜ Explicit dependency on target 'GULNSData' in project 'GoogleUtilities'
    Target 'GULNSData' in project 'GoogleUtilities'
        ➜ Explicit dependency on target 'GoogleUtilities-NSData' in project 'GoogleUtilities'
        ➜ Explicit dependency on target 'GoogleUtilities_GoogleUtilities-NSData' in project 'GoogleUtilities'
    Target 'GoogleUtilities-NSData' in project 'GoogleUtilities'
        ➜ Explicit dependency on target 'GoogleUtilities_GoogleUtilities-NSData' in project 'GoogleUtilities'
    Target 'GoogleUtilities_GoogleUtilities-NSData' in project 'GoogleUtilities' (no dependencies)
    Target 'Firebase_FirebaseCoreInternal' in project 'Firebase' (no dependencies)
    Target 'Firebase' in project 'Firebase' (no dependencies)
    Target 'FirebaseAuthInternal' in project 'Firebase'
        ➜ Explicit dependency on target 'RecaptchaInterop' in project 'InteropForGoogle'
    Target 'RecaptchaInterop' in project 'InteropForGoogle'
        ➜ Explicit dependency on target 'RecaptchaInterop' in project 'InteropForGoogle'
    Target 'RecaptchaInterop' in project 'InteropForGoogle' (no dependencies)
    Target 'FirebaseAuthInterop' in project 'Firebase' (no dependencies)
    Target 'FirebaseAppCheckInterop' in project 'Firebase' (no dependencies)
    Target 'Firebase_FirebaseAuth' in project 'Firebase' (no dependencies)
    Target 'SafePathWatch Watch App' in project 'SafePath' (no dependencies)

GatherProvisioningInputs

CreateBuildDescription

ExecuteExternalTool /Applications/Xcode.app/Contents/Developer/usr/bin/actool --print-asset-tag-combinations --output-format xml1 /Users/macbookpro/Documents/MAD/Louie/Untitled/SafePathWatch Watch App/Assets.xcassets

ExecuteExternalTool /Applications/Xcode.app/Contents/Developer/Toolchains/XcodeDefault.xctoolchain/usr/bin/clang -v -E -dM -arch arm64 -isysroot /Applications/Xcode.app/Contents/Developer/Platforms/iPhoneSimulator.platform/Developer/SDKs/iPhoneSimulator26.2.sdk -x objective-c -c /dev/null

ExecuteExternalTool /Applications/Xcode.app/Contents/Developer/Toolchains/XcodeDefault.xctoolchain/usr/bin/swiftc --version

ExecuteExternalTool /Applications/Xcode.app/Contents/Developer/Toolchains/XcodeDefault.xctoolchain/usr/bin/clang -v -E -dM -isysroot /Applications/Xcode.app/Contents/Developer/Platforms/iPhoneSimulator.platform/Developer/SDKs/iPhoneSimulator26.2.sdk -x c -c /dev/null

ExecuteExternalTool /Applications/Xcode.app/Contents/Developer/Toolchains/XcodeDefault.xctoolchain/usr/bin/clang -v -E -dM -isysroot /Applications/Xcode.app/Contents/Developer/Platforms/WatchSimulator.platform/Developer/SDKs/WatchSimulator26.2.sdk -x c -c /dev/null

ExecuteExternalTool /Applications/Xcode.app/Contents/Developer/usr/bin/actool --print-asset-tag-combinations --output-format xml1 /Users/macbookpro/Documents/MAD/Louie/Untitled/SafePath/Assets.xcassets

ExecuteExternalTool /Applications/Xcode.app/Contents/Developer/Toolchains/XcodeDefault.xctoolchain/usr/bin/clang -v -E -dM -arch arm64 -isysroot /Applications/Xcode.app/Contents/Developer/Platforms/iPhoneSimulator.platform/Developer/SDKs/iPhoneSimulator26.2.sdk -x c -c /dev/null

ExecuteExternalTool /Applications/Xcode.app/Contents/Developer/Toolchains/XcodeDefault.xctoolchain/usr/bin/ld -version_details

ExecuteExternalTool /Applications/Xcode.app/Contents/Developer/Toolchains/XcodeDefault.xctoolchain/usr/bin/clang -v -E -dM -arch arm64 -isysroot /Applications/Xcode.app/Contents/Developer/Platforms/iPhoneSimulator.platform/Developer/SDKs/iPhoneSimulator26.2.sdk -x c++ -c /dev/null

ExecuteExternalTool /Applications/Xcode.app/Contents/Developer/usr/bin/actool --version --output-format xml1

Build description signature: e6e886c80213ea3bfa97275ccac27bfa
Build description path: /Users/macbookpro/Library/Developer/Xcode/DerivedData/SafePath-apaykayydvobvvfarmseathymlsf/Build/Intermediates.noindex/XCBuildData/e6e886c80213ea3bfa97275ccac27bfa.xcbuilddata
ClangStatCache /Applications/Xcode.app/Contents/Developer/Toolchains/XcodeDefault.xctoolchain/usr/bin/clang-stat-cache /Applications/Xcode.app/Contents/Developer/Platforms/iPhoneSimulator.platform/Developer/SDKs/iPhoneSimulator26.2.sdk /Users/macbookpro/Library/Developer/Xcode/DerivedData/SDKStatCaches.noindex/iphonesimulator26.2-23C53-7d00a8b37fbd7999ea79df8ebc024bf0.sdkstatcache
    cd /Users/macbookpro/Documents/MAD/Louie/Untitled/SafePath.xcodeproj
    /Applications/Xcode.app/Contents/Developer/Toolchains/XcodeDefault.xctoolchain/usr/bin/clang-stat-cache /Applications/Xcode.app/Contents/Developer/Platforms/iPhoneSimulator.platform/Developer/SDKs/iPhoneSimulator26.2.sdk -o /Users/macbookpro/Library/Developer/Xcode/DerivedData/SDKStatCaches.noindex/iphonesimulator26.2-23C53-7d00a8b37fbd7999ea79df8ebc024bf0.sdkstatcache

ClangStatCache /Applications/Xcode.app/Contents/Developer/Toolchains/XcodeDefault.xctoolchain/usr/bin/clang-stat-cache /Applications/Xcode.app/Contents/Developer/Platforms/WatchSimulator.platform/Developer/SDKs/WatchSimulator26.2.sdk /Users/macbookpro/Library/Developer/Xcode/DerivedData/SDKStatCaches.noindex/watchsimulator26.2-23S303-963ebdd26732d23a23bcca82c2045e26.sdkstatcache
    cd /Users/macbookpro/Documents/MAD/Louie/Untitled/SafePath.xcodeproj
    /Applications/Xcode.app/Contents/Developer/Toolchains/XcodeDefault.xctoolchain/usr/bin/clang-stat-cache /Applications/Xcode.app/Contents/Developer/Platforms/WatchSimulator.platform/Developer/SDKs/WatchSimulator26.2.sdk -o /Users/macbookpro/Library/Developer/Xcode/DerivedData/SDKStatCaches.noindex/watchsimulator26.2-23S303-963ebdd26732d23a23bcca82c2045e26.sdkstatcache

ProcessInfoPlistFile /Users/macbookpro/Library/Developer/Xcode/DerivedData/SafePath-apaykayydvobvvfarmseathymlsf/Build/Products/Debug-iphonesimulator/nanopb_nanopb.bundle/Info.plist /Users/macbookpro/Library/Developer/Xcode/DerivedData/SafePath-apaykayydvobvvfarmseathymlsf/Build/Intermediates.noindex/nanopb.build/Debug-iphonesimulator/nanopb_nanopb.build/empty-nanopb_nanopb.plist (in target 'nanopb_nanopb' from project 'nanopb')
    cd /Users/macbookpro/Library/Developer/Xcode/DerivedData/SafePath-apaykayydvobvvfarmseathymlsf/SourcePackages/checkouts/nanopb
    builtin-infoPlistUtility /Users/macbookpro/Library/Developer/Xcode/DerivedData/SafePath-apaykayydvobvvfarmseathymlsf/Build/Intermediates.noindex/nanopb.build/Debug-iphonesimulator/nanopb_nanopb.build/empty-nanopb_nanopb.plist -producttype com.apple.product-type.bundle -expandbuildsettings -format binary -platform iphonesimulator -o /Users/macbookpro/Library/Developer/Xcode/DerivedData/SafePath-apaykayydvobvvfarmseathymlsf/Build/Products/Debug-iphonesimulator/nanopb_nanopb.bundle/Info.plist

ProcessInfoPlistFile /Users/macbookpro/Library/Developer/Xcode/DerivedData/SafePath-apaykayydvobvvfarmseathymlsf/Build/Products/Debug-iphonesimulator/gRPC_grpcppWrapper.bundle/Info.plist /Users/macbookpro/Library/Developer/Xcode/DerivedData/SafePath-apaykayydvobvvfarmseathymlsf/Build/Intermediates.noindex/gRPC.build/Debug-iphonesimulator/gRPC_grpcppWrapper.build/empty-gRPC_grpcppWrapper.plist (in target 'gRPC_grpcppWrapper' from project 'gRPC')
    cd /Users/macbookpro/Library/Developer/Xcode/DerivedData/SafePath-apaykayydvobvvfarmseathymlsf/SourcePackages/checkouts/grpc-binary
    builtin-infoPlistUtility /Users/macbookpro/Library/Developer/Xcode/DerivedData/SafePath-apaykayydvobvvfarmseathymlsf/Build/Intermediates.noindex/gRPC.build/Debug-iphonesimulator/gRPC_grpcppWrapper.build/empty-gRPC_grpcppWrapper.plist -producttype com.apple.product-type.bundle -expandbuildsettings -format binary -platform iphonesimulator -o /Users/macbookpro/Library/Developer/Xcode/DerivedData/SafePath-apaykayydvobvvfarmseathymlsf/Build/Products/Debug-iphonesimulator/gRPC_grpcppWrapper.bundle/Info.plist

ProcessInfoPlistFile /Users/macbookpro/Library/Developer/Xcode/DerivedData/SafePath-apaykayydvobvvfarmseathymlsf/Build/Products/Debug-iphonesimulator/gRPC_grpcWrapper.bundle/Info.plist /Users/macbookpro/Library/Developer/Xcode/DerivedData/SafePath-apaykayydvobvvfarmseathymlsf/Build/Intermediates.noindex/gRPC.build/Debug-iphonesimulator/gRPC_grpcWrapper.build/empty-gRPC_grpcWrapper.plist (in target 'gRPC_grpcWrapper' from project 'gRPC')
    cd /Users/macbookpro/Library/Developer/Xcode/DerivedData/SafePath-apaykayydvobvvfarmseathymlsf/SourcePackages/checkouts/grpc-binary
    builtin-infoPlistUtility /Users/macbookpro/Library/Developer/Xcode/DerivedData/SafePath-apaykayydvobvvfarmseathymlsf/Build/Intermediates.noindex/gRPC.build/Debug-iphonesimulator/gRPC_grpcWrapper.build/empty-gRPC_grpcWrapper.plist -producttype com.apple.product-type.bundle -expandbuildsettings -format binary -platform iphonesimulator -o /Users/macbookpro/Library/Developer/Xcode/DerivedData/SafePath-apaykayydvobvvfarmseathymlsf/Build/Products/Debug-iphonesimulator/gRPC_grpcWrapper.bundle/Info.plist

ProcessInfoPlistFile /Users/macbookpro/Library/Developer/Xcode/DerivedData/SafePath-apaykayydvobvvfarmseathymlsf/Build/Products/Debug-iphonesimulator/GoogleUtilities_GoogleUtilities-NSData.bundle/Info.plist /Users/macbookpro/Library/Developer/Xcode/DerivedData/SafePath-apaykayydvobvvfarmseathymlsf/Build/Intermediates.noindex/GoogleUtilities.build/Debug-iphonesimulator/GoogleUtilities_GoogleUtilities-NSData.build/empty-GoogleUtilities_GoogleUtilities-NSData.plist (in target 'GoogleUtilities_GoogleUtilities-NSData' from project 'GoogleUtilities')
    cd /Users/macbookpro/Library/Developer/Xcode/DerivedData/SafePath-apaykayydvobvvfarmseathymlsf/SourcePackages/checkouts/GoogleUtilities
    builtin-infoPlistUtility /Users/macbookpro/Library/Developer/Xcode/DerivedData/SafePath-apaykayydvobvvfarmseathymlsf/Build/Intermediates.noindex/GoogleUtilities.build/Debug-iphonesimulator/GoogleUtilities_GoogleUtilities-NSData.build/empty-GoogleUtilities_GoogleUtilities-NSData.plist -producttype com.apple.product-type.bundle -expandbuildsettings -format binary -platform iphonesimulator -o /Users/macbookpro/Library/Developer/Xcode/DerivedData/SafePath-apaykayydvobvvfarmseathymlsf/Build/Products/Debug-iphonesimulator/GoogleUtilities_GoogleUtilities-NSData.bundle/Info.plist

ProcessInfoPlistFile /Users/macbookpro/Library/Developer/Xcode/DerivedData/SafePath-apaykayydvobvvfarmseathymlsf/Build/Products/Debug-iphonesimulator/GoogleUtilities_GoogleUtilities-Logger.bundle/Info.plist /Users/macbookpro/Library/Developer/Xcode/DerivedData/SafePath-apaykayydvobvvfarmseathymlsf/Build/Intermediates.noindex/GoogleUtilities.build/Debug-iphonesimulator/GoogleUtilities_GoogleUtilities-Logger.build/empty-GoogleUtilities_GoogleUtilities-Logger.plist (in target 'GoogleUtilities_GoogleUtilities-Logger' from project 'GoogleUtilities')
    cd /Users/macbookpro/Library/Developer/Xcode/DerivedData/SafePath-apaykayydvobvvfarmseathymlsf/SourcePackages/checkouts/GoogleUtilities
    builtin-infoPlistUtility /Users/macbookpro/Library/Developer/Xcode/DerivedData/SafePath-apaykayydvobvvfarmseathymlsf/Build/Intermediates.noindex/GoogleUtilities.build/Debug-iphonesimulator/GoogleUtilities_GoogleUtilities-Logger.build/empty-GoogleUtilities_GoogleUtilities-Logger.plist -producttype com.apple.product-type.bundle -expandbuildsettings -format binary -platform iphonesimulator -o /Users/macbookpro/Library/Developer/Xcode/DerivedData/SafePath-apaykayydvobvvfarmseathymlsf/Build/Products/Debug-iphonesimulator/GoogleUtilities_GoogleUtilities-Logger.bundle/Info.plist

ProcessInfoPlistFile /Users/macbookpro/Library/Developer/Xcode/DerivedData/SafePath-apaykayydvobvvfarmseathymlsf/Build/Products/Debug-iphonesimulator/leveldb_leveldb.bundle/Info.plist /Users/macbookpro/Library/Developer/Xcode/DerivedData/SafePath-apaykayydvobvvfarmseathymlsf/Build/Intermediates.noindex/leveldb.build/Debug-iphonesimulator/leveldb_leveldb.build/empty-leveldb_leveldb.plist (in target 'leveldb_leveldb' from project 'leveldb')
    cd /Users/macbookpro/Library/Developer/Xcode/DerivedData/SafePath-apaykayydvobvvfarmseathymlsf/SourcePackages/checkouts/leveldb
    builtin-infoPlistUtility /Users/macbookpro/Library/Developer/Xcode/DerivedData/SafePath-apaykayydvobvvfarmseathymlsf/Build/Intermediates.noindex/leveldb.build/Debug-iphonesimulator/leveldb_leveldb.build/empty-leveldb_leveldb.plist -producttype com.apple.product-type.bundle -expandbuildsettings -format binary -platform iphonesimulator -o /Users/macbookpro/Library/Developer/Xcode/DerivedData/SafePath-apaykayydvobvvfarmseathymlsf/Build/Products/Debug-iphonesimulator/leveldb_leveldb.bundle/Info.plist

ProcessInfoPlistFile /Users/macbookpro/Library/Developer/Xcode/DerivedData/SafePath-apaykayydvobvvfarmseathymlsf/Build/Products/Debug-iphonesimulator/GoogleUtilities_GoogleUtilities-Network.bundle/Info.plist /Users/macbookpro/Library/Developer/Xcode/DerivedData/SafePath-apaykayydvobvvfarmseathymlsf/Build/Intermediates.noindex/GoogleUtilities.build/Debug-iphonesimulator/GoogleUtilities_GoogleUtilities-Network.build/empty-GoogleUtilities_GoogleUtilities-Network.plist (in target 'GoogleUtilities_GoogleUtilities-Network' from project 'GoogleUtilities')
    cd /Users/macbookpro/Library/Developer/Xcode/DerivedData/SafePath-apaykayydvobvvfarmseathymlsf/SourcePackages/checkouts/GoogleUtilities
    builtin-infoPlistUtility /Users/macbookpro/Library/Developer/Xcode/DerivedData/SafePath-apaykayydvobvvfarmseathymlsf/Build/Intermediates.noindex/GoogleUtilities.build/Debug-iphonesimulator/GoogleUtilities_GoogleUtilities-Network.build/empty-GoogleUtilities_GoogleUtilities-Network.plist -producttype com.apple.product-type.bundle -expandbuildsettings -format binary -platform iphonesimulator -o /Users/macbookpro/Library/Developer/Xcode/DerivedData/SafePath-apaykayydvobvvfarmseathymlsf/Build/Products/Debug-iphonesimulator/GoogleUtilities_GoogleUtilities-Network.bundle/Info.plist

ProcessInfoPlistFile /Users/macbookpro/Library/Developer/Xcode/DerivedData/SafePath-apaykayydvobvvfarmseathymlsf/Build/Products/Debug-iphonesimulator/gRPC_opensslWrapper.bundle/Info.plist /Users/macbookpro/Library/Developer/Xcode/DerivedData/SafePath-apaykayydvobvvfarmseathymlsf/Build/Intermediates.noindex/gRPC.build/Debug-iphonesimulator/gRPC_opensslWrapper.build/empty-gRPC_opensslWrapper.plist (in target 'gRPC_opensslWrapper' from project 'gRPC')
    cd /Users/macbookpro/Library/Developer/Xcode/DerivedData/SafePath-apaykayydvobvvfarmseathymlsf/SourcePackages/checkouts/grpc-binary
    builtin-infoPlistUtility /Users/macbookpro/Library/Developer/Xcode/DerivedData/SafePath-apaykayydvobvvfarmseathymlsf/Build/Intermediates.noindex/gRPC.build/Debug-iphonesimulator/gRPC_opensslWrapper.build/empty-gRPC_opensslWrapper.plist -producttype com.apple.product-type.bundle -expandbuildsettings -format binary -platform iphonesimulator -o /Users/macbookpro/Library/Developer/Xcode/DerivedData/SafePath-apaykayydvobvvfarmseathymlsf/Build/Products/Debug-iphonesimulator/gRPC_opensslWrapper.bundle/Info.plist

ProcessInfoPlistFile /Users/macbookpro/Library/Developer/Xcode/DerivedData/SafePath-apaykayydvobvvfarmseathymlsf/Build/Products/Debug-iphonesimulator/abseil_abslWrapper.bundle/Info.plist /Users/macbookpro/Library/Developer/Xcode/DerivedData/SafePath-apaykayydvobvvfarmseathymlsf/Build/Intermediates.noindex/abseil.build/Debug-iphonesimulator/abseil_abslWrapper.build/empty-abseil_abslWrapper.plist (in target 'abseil_abslWrapper' from project 'abseil')
    cd /Users/macbookpro/Library/Developer/Xcode/DerivedData/SafePath-apaykayydvobvvfarmseathymlsf/SourcePackages/checkouts/abseil-cpp-binary
    builtin-infoPlistUtility /Users/macbookpro/Library/Developer/Xcode/DerivedData/SafePath-apaykayydvobvvfarmseathymlsf/Build/Intermediates.noindex/abseil.build/Debug-iphonesimulator/abseil_abslWrapper.build/empty-abseil_abslWrapper.plist -producttype com.apple.product-type.bundle -expandbuildsettings -format binary -platform iphonesimulator -o /Users/macbookpro/Library/Developer/Xcode/DerivedData/SafePath-apaykayydvobvvfarmseathymlsf/Build/Products/Debug-iphonesimulator/abseil_abslWrapper.bundle/Info.plist

ProcessProductPackaging "" /Users/macbookpro/Library/Developer/Xcode/DerivedData/SafePath-apaykayydvobvvfarmseathymlsf/Build/Intermediates.noindex/SafePath.build/Debug-watchsimulator/SafePathWatch\ Watch\ App.build/SafePathWatch\ Watch\ App.app-Simulated.xcent (in target 'SafePathWatch Watch App' from project 'SafePath')
    cd /Users/macbookpro/Documents/MAD/Louie/Untitled
    
    Entitlements:
    
    {
    "application-identifier" = "8C9N6GH5L3.Mualli.SafePath.Person2.watchkitapp.watchkitextension";
}
    
    builtin-productPackagingUtility -entitlements -format xml -o /Users/macbookpro/Library/Developer/Xcode/DerivedData/SafePath-apaykayydvobvvfarmseathymlsf/Build/Intermediates.noindex/SafePath.build/Debug-watchsimulator/SafePathWatch\ Watch\ App.build/SafePathWatch\ Watch\ App.app-Simulated.xcent

ProcessInfoPlistFile /Users/macbookpro/Library/Developer/Xcode/DerivedData/SafePath-apaykayydvobvvfarmseathymlsf/Build/Products/Debug-iphonesimulator/GoogleUtilities_GoogleUtilities-Reachability.bundle/Info.plist /Users/macbookpro/Library/Developer/Xcode/DerivedData/SafePath-apaykayydvobvvfarmseathymlsf/Build/Intermediates.noindex/GoogleUtilities.build/Debug-iphonesimulator/GoogleUtilities_GoogleUtilities-Reachability.build/empty-GoogleUtilities_GoogleUtilities-Reachability.plist (in target 'GoogleUtilities_GoogleUtilities-Reachability' from project 'GoogleUtilities')
    cd /Users/macbookpro/Library/Developer/Xcode/DerivedData/SafePath-apaykayydvobvvfarmseathymlsf/SourcePackages/checkouts/GoogleUtilities
    builtin-infoPlistUtility /Users/macbookpro/Library/Developer/Xcode/DerivedData/SafePath-apaykayydvobvvfarmseathymlsf/Build/Intermediates.noindex/GoogleUtilities.build/Debug-iphonesimulator/GoogleUtilities_GoogleUtilities-Reachability.build/empty-GoogleUtilities_GoogleUtilities-Reachability.plist -producttype com.apple.product-type.bundle -expandbuildsettings -format binary -platform iphonesimulator -o /Users/macbookpro/Library/Developer/Xcode/DerivedData/SafePath-apaykayydvobvvfarmseathymlsf/Build/Products/Debug-iphonesimulator/GoogleUtilities_GoogleUtilities-Reachability.bundle/Info.plist

ProcessInfoPlistFile /Users/macbookpro/Library/Developer/Xcode/DerivedData/SafePath-apaykayydvobvvfarmseathymlsf/Build/Products/Debug-iphonesimulator/GoogleUtilities_GoogleUtilities-Environment.bundle/Info.plist /Users/macbookpro/Library/Developer/Xcode/DerivedData/SafePath-apaykayydvobvvfarmseathymlsf/Build/Intermediates.noindex/GoogleUtilities.build/Debug-iphonesimulator/GoogleUtilities_GoogleUtilities-Environment.build/empty-GoogleUtilities_GoogleUtilities-Environment.plist (in target 'GoogleUtilities_GoogleUtilities-Environment' from project 'GoogleUtilities')
    cd /Users/macbookpro/Library/Developer/Xcode/DerivedData/SafePath-apaykayydvobvvfarmseathymlsf/SourcePackages/checkouts/GoogleUtilities
    builtin-infoPlistUtility /Users/macbookpro/Library/Developer/Xcode/DerivedData/SafePath-apaykayydvobvvfarmseathymlsf/Build/Intermediates.noindex/GoogleUtilities.build/Debug-iphonesimulator/GoogleUtilities_GoogleUtilities-Environment.build/empty-GoogleUtilities_GoogleUtilities-Environment.plist -producttype com.apple.product-type.bundle -expandbuildsettings -format binary -platform iphonesimulator -o /Users/macbookpro/Library/Developer/Xcode/DerivedData/SafePath-apaykayydvobvvfarmseathymlsf/Build/Products/Debug-iphonesimulator/GoogleUtilities_GoogleUtilities-Environment.bundle/Info.plist

ProcessInfoPlistFile /Users/macbookpro/Library/Developer/Xcode/DerivedData/SafePath-apaykayydvobvvfarmseathymlsf/Build/Products/Debug-iphonesimulator/GoogleUtilities_GoogleUtilities-AppDelegateSwizzler.bundle/Info.plist /Users/macbookpro/Library/Developer/Xcode/DerivedData/SafePath-apaykayydvobvvfarmseathymlsf/Build/Intermediates.noindex/GoogleUtilities.build/Debug-iphonesimulator/GoogleUtilities_GoogleUtilities-AppDelegateSwizzler.build/empty-GoogleUtilities_GoogleUtilities-AppDelegateSwizzler.plist (in target 'GoogleUtilities_GoogleUtilities-AppDelegateSwizzler' from project 'GoogleUtilities')
    cd /Users/macbookpro/Library/Developer/Xcode/DerivedData/SafePath-apaykayydvobvvfarmseathymlsf/SourcePackages/checkouts/GoogleUtilities
    builtin-infoPlistUtility /Users/macbookpro/Library/Developer/Xcode/DerivedData/SafePath-apaykayydvobvvfarmseathymlsf/Build/Intermediates.noindex/GoogleUtilities.build/Debug-iphonesimulator/GoogleUtilities_GoogleUtilities-AppDelegateSwizzler.build/empty-GoogleUtilities_GoogleUtilities-AppDelegateSwizzler.plist -producttype com.apple.product-type.bundle -expandbuildsettings -format binary -platform iphonesimulator -o /Users/macbookpro/Library/Developer/Xcode/DerivedData/SafePath-apaykayydvobvvfarmseathymlsf/Build/Products/Debug-iphonesimulator/GoogleUtilities_GoogleUtilities-AppDelegateSwizzler.bundle/Info.plist

ProcessInfoPlistFile /Users/macbookpro/Library/Developer/Xcode/DerivedData/SafePath-apaykayydvobvvfarmseathymlsf/Build/Products/Debug-iphonesimulator/GTMSessionFetcher_GTMSessionFetcherCore.bundle/Info.plist /Users/macbookpro/Library/Developer/Xcode/DerivedData/SafePath-apaykayydvobvvfarmseathymlsf/Build/Intermediates.noindex/GTMSessionFetcher.build/Debug-iphonesimulator/GTMSessionFetcher_GTMSessionFetcherCore.build/empty-GTMSessionFetcher_GTMSessionFetcherCore.plist (in target 'GTMSessionFetcher_GTMSessionFetcherCore' from project 'GTMSessionFetcher')
    cd /Users/macbookpro/Library/Developer/Xcode/DerivedData/SafePath-apaykayydvobvvfarmseathymlsf/SourcePackages/checkouts/gtm-session-fetcher
    builtin-infoPlistUtility /Users/macbookpro/Library/Developer/Xcode/DerivedData/SafePath-apaykayydvobvvfarmseathymlsf/Build/Intermediates.noindex/GTMSessionFetcher.build/Debug-iphonesimulator/GTMSessionFetcher_GTMSessionFetcherCore.build/empty-GTMSessionFetcher_GTMSessionFetcherCore.plist -producttype com.apple.product-type.bundle -expandbuildsettings -format binary -platform iphonesimulator -o /Users/macbookpro/Library/Developer/Xcode/DerivedData/SafePath-apaykayydvobvvfarmseathymlsf/Build/Products/Debug-iphonesimulator/GTMSessionFetcher_GTMSessionFetcherCore.bundle/Info.plist

ProcessInfoPlistFile /Users/macbookpro/Library/Developer/Xcode/DerivedData/SafePath-apaykayydvobvvfarmseathymlsf/Build/Products/Debug-iphonesimulator/Firebase_FirebaseFirestore.bundle/Info.plist /Users/macbookpro/Library/Developer/Xcode/DerivedData/SafePath-apaykayydvobvvfarmseathymlsf/Build/Intermediates.noindex/Firebase.build/Debug-iphonesimulator/Firebase_FirebaseFirestore.build/empty-Firebase_FirebaseFirestore.plist (in target 'Firebase_FirebaseFirestore' from project 'Firebase')
    cd /Users/macbookpro/Library/Developer/Xcode/DerivedData/SafePath-apaykayydvobvvfarmseathymlsf/SourcePackages/checkouts/firebase-ios-sdk
    builtin-infoPlistUtility /Users/macbookpro/Library/Developer/Xcode/DerivedData/SafePath-apaykayydvobvvfarmseathymlsf/Build/Intermediates.noindex/Firebase.build/Debug-iphonesimulator/Firebase_FirebaseFirestore.build/empty-Firebase_FirebaseFirestore.plist -producttype com.apple.product-type.bundle -expandbuildsettings -format binary -platform iphonesimulator -o /Users/macbookpro/Library/Developer/Xcode/DerivedData/SafePath-apaykayydvobvvfarmseathymlsf/Build/Products/Debug-iphonesimulator/Firebase_FirebaseFirestore.bundle/Info.plist

ProcessInfoPlistFile /Users/macbookpro/Library/Developer/Xcode/DerivedData/SafePath-apaykayydvobvvfarmseathymlsf/Build/Products/Debug-iphonesimulator/Firebase_FirebaseCoreInternal.bundle/Info.plist /Users/macbookpro/Library/Developer/Xcode/DerivedData/SafePath-apaykayydvobvvfarmseathymlsf/Build/Intermediates.noindex/Firebase.build/Debug-iphonesimulator/Firebase_FirebaseCoreInternal.build/empty-Firebase_FirebaseCoreInternal.plist (in target 'Firebase_FirebaseCoreInternal' from project 'Firebase')
    cd /Users/macbookpro/Library/Developer/Xcode/DerivedData/SafePath-apaykayydvobvvfarmseathymlsf/SourcePackages/checkouts/firebase-ios-sdk
    builtin-infoPlistUtility /Users/macbookpro/Library/Developer/Xcode/DerivedData/SafePath-apaykayydvobvvfarmseathymlsf/Build/Intermediates.noindex/Firebase.build/Debug-iphonesimulator/Firebase_FirebaseCoreInternal.build/empty-Firebase_FirebaseCoreInternal.plist -producttype com.apple.product-type.bundle -expandbuildsettings -format binary -platform iphonesimulator -o /Users/macbookpro/Library/Developer/Xcode/DerivedData/SafePath-apaykayydvobvvfarmseathymlsf/Build/Products/Debug-iphonesimulator/Firebase_FirebaseCoreInternal.bundle/Info.plist

ProcessInfoPlistFile /Users/macbookpro/Library/Developer/Xcode/DerivedData/SafePath-apaykayydvobvvfarmseathymlsf/Build/Products/Debug-iphonesimulator/Firebase_FirebaseCoreExtension.bundle/Info.plist /Users/macbookpro/Library/Developer/Xcode/DerivedData/SafePath-apaykayydvobvvfarmseathymlsf/Build/Intermediates.noindex/Firebase.build/Debug-iphonesimulator/Firebase_FirebaseCoreExtension.build/empty-Firebase_FirebaseCoreExtension.plist (in target 'Firebase_FirebaseCoreExtension' from project 'Firebase')
    cd /Users/macbookpro/Library/Developer/Xcode/DerivedData/SafePath-apaykayydvobvvfarmseathymlsf/SourcePackages/checkouts/firebase-ios-sdk
    builtin-infoPlistUtility /Users/macbookpro/Library/Developer/Xcode/DerivedData/SafePath-apaykayydvobvvfarmseathymlsf/Build/Intermediates.noindex/Firebase.build/Debug-iphonesimulator/Firebase_FirebaseCoreExtension.build/empty-Firebase_FirebaseCoreExtension.plist -producttype com.apple.product-type.bundle -expandbuildsettings -format binary -platform iphonesimulator -o /Users/macbookpro/Library/Developer/Xcode/DerivedData/SafePath-apaykayydvobvvfarmseathymlsf/Build/Products/Debug-iphonesimulator/Firebase_FirebaseCoreExtension.bundle/Info.plist

ProcessInfoPlistFile /Users/macbookpro/Library/Developer/Xcode/DerivedData/SafePath-apaykayydvobvvfarmseathymlsf/Build/Products/Debug-iphonesimulator/Firebase_FirebaseCore.bundle/Info.plist /Users/macbookpro/Library/Developer/Xcode/DerivedData/SafePath-apaykayydvobvvfarmseathymlsf/Build/Intermediates.noindex/Firebase.build/Debug-iphonesimulator/Firebase_FirebaseCore.build/empty-Firebase_FirebaseCore.plist (in target 'Firebase_FirebaseCore' from project 'Firebase')
    cd /Users/macbookpro/Library/Developer/Xcode/DerivedData/SafePath-apaykayydvobvvfarmseathymlsf/SourcePackages/checkouts/firebase-ios-sdk
    builtin-infoPlistUtility /Users/macbookpro/Library/Developer/Xcode/DerivedData/SafePath-apaykayydvobvvfarmseathymlsf/Build/Intermediates.noindex/Firebase.build/Debug-iphonesimulator/Firebase_FirebaseCore.build/empty-Firebase_FirebaseCore.plist -producttype com.apple.product-type.bundle -expandbuildsettings -format binary -platform iphonesimulator -o /Users/macbookpro/Library/Developer/Xcode/DerivedData/SafePath-apaykayydvobvvfarmseathymlsf/Build/Products/Debug-iphonesimulator/Firebase_FirebaseCore.bundle/Info.plist

ProcessInfoPlistFile /Users/macbookpro/Library/Developer/Xcode/DerivedData/SafePath-apaykayydvobvvfarmseathymlsf/Build/Products/Debug-iphonesimulator/Firebase_FirebaseAuth.bundle/Info.plist /Users/macbookpro/Library/Developer/Xcode/DerivedData/SafePath-apaykayydvobvvfarmseathymlsf/Build/Intermediates.noindex/Firebase.build/Debug-iphonesimulator/Firebase_FirebaseAuth.build/empty-Firebase_FirebaseAuth.plist (in target 'Firebase_FirebaseAuth' from project 'Firebase')
    cd /Users/macbookpro/Library/Developer/Xcode/DerivedData/SafePath-apaykayydvobvvfarmseathymlsf/SourcePackages/checkouts/firebase-ios-sdk
    builtin-infoPlistUtility /Users/macbookpro/Library/Developer/Xcode/DerivedData/SafePath-apaykayydvobvvfarmseathymlsf/Build/Intermediates.noindex/Firebase.build/Debug-iphonesimulator/Firebase_FirebaseAuth.build/empty-Firebase_FirebaseAuth.plist -producttype com.apple.product-type.bundle -expandbuildsettings -format binary -platform iphonesimulator -o /Users/macbookpro/Library/Developer/Xcode/DerivedData/SafePath-apaykayydvobvvfarmseathymlsf/Build/Products/Debug-iphonesimulator/Firebase_FirebaseAuth.bundle/Info.plist

ProcessProductPackagingDER /Users/macbookpro/Library/Developer/Xcode/DerivedData/SafePath-apaykayydvobvvfarmseathymlsf/Build/Intermediates.noindex/SafePath.build/Debug-watchsimulator/SafePathWatch\ Watch\ App.build/SafePathWatch\ Watch\ App.app-Simulated.xcent /Users/macbookpro/Library/Developer/Xcode/DerivedData/SafePath-apaykayydvobvvfarmseathymlsf/Build/Intermediates.noindex/SafePath.build/Debug-watchsimulator/SafePathWatch\ Watch\ App.build/SafePathWatch\ Watch\ App.app-Simulated.xcent.der (in target 'SafePathWatch Watch App' from project 'SafePath')
    cd /Users/macbookpro/Documents/MAD/Louie/Untitled
    /usr/bin/derq query -f xml -i /Users/macbookpro/Library/Developer/Xcode/DerivedData/SafePath-apaykayydvobvvfarmseathymlsf/Build/Intermediates.noindex/SafePath.build/Debug-watchsimulator/SafePathWatch\ Watch\ App.build/SafePathWatch\ Watch\ App.app-Simulated.xcent -o /Users/macbookpro/Library/Developer/Xcode/DerivedData/SafePath-apaykayydvobvvfarmseathymlsf/Build/Intermediates.noindex/SafePath.build/Debug-watchsimulator/SafePathWatch\ Watch\ App.build/SafePathWatch\ Watch\ App.app-Simulated.xcent.der --raw

Ld /Users/macbookpro/Library/Developer/Xcode/DerivedData/SafePath-apaykayydvobvvfarmseathymlsf/Build/Intermediates.noindex/SafePath.build/Debug-watchsimulator/SafePathWatch\ Watch\ App.build/Objects-normal/arm64/Binary/SafePathWatch\ Watch\ App.debug.dylib normal arm64 (in target 'SafePathWatch Watch App' from project 'SafePath')
    cd /Users/macbookpro/Documents/MAD/Louie/Untitled
    /Applications/Xcode.app/Contents/Developer/Toolchains/XcodeDefault.xctoolchain/usr/bin/clang -Xlinker -reproducible -target arm64-apple-watchos26.2-simulator -dynamiclib -isysroot /Applications/Xcode.app/Contents/Developer/Platforms/WatchSimulator.platform/Developer/SDKs/WatchSimulator26.2.sdk -O0 -L/Users/macbookpro/Library/Developer/Xcode/DerivedData/SafePath-apaykayydvobvvfarmseathymlsf/Build/Intermediates.noindex/EagerLinkingTBDs/Debug-watchsimulator -L/Users/macbookpro/Library/Developer/Xcode/DerivedData/SafePath-apaykayydvobvvfarmseathymlsf/Build/Products/Debug-watchsimulator -F/Users/macbookpro/Library/Developer/Xcode/DerivedData/SafePath-apaykayydvobvvfarmseathymlsf/Build/Intermediates.noindex/EagerLinkingTBDs/Debug-watchsimulator -F/Users/macbookpro/Library/Developer/Xcode/DerivedData/SafePath-apaykayydvobvvfarmseathymlsf/Build/Products/Debug-watchsimulator -filelist /Users/macbookpro/Library/Developer/Xcode/DerivedData/SafePath-apaykayydvobvvfarmseathymlsf/Build/Intermediates.noindex/SafePath.build/Debug-watchsimulator/SafePathWatch\ Watch\ App.build/Objects-normal/arm64/SafePathWatch\ Watch\ App.LinkFileList -install_name @rpath/SafePathWatch\ Watch\ App.debug.dylib -Xlinker -rpath -Xlinker @executable_path/Frameworks -dead_strip -Xlinker -object_path_lto -Xlinker /Users/macbookpro/Library/Developer/Xcode/DerivedData/SafePath-apaykayydvobvvfarmseathymlsf/Build/Intermediates.noindex/SafePath.build/Debug-watchsimulator/SafePathWatch\ Watch\ App.build/Objects-normal/arm64/SafePathWatch\ Watch\ App_lto.o -rdynamic -Xlinker -no_deduplicate -Xlinker -objc_abi_version -Xlinker 2 -Xlinker -debug_variant -Xlinker -dependency_info -Xlinker /Users/macbookpro/Library/Developer/Xcode/DerivedData/SafePath-apaykayydvobvvfarmseathymlsf/Build/Intermediates.noindex/SafePath.build/Debug-watchsimulator/SafePathWatch\ Watch\ App.build/Objects-normal/arm64/SafePathWatch\ Watch\ App_dependency_info.dat -fobjc-link-runtime -fprofile-instr-generate -L/Applications/Xcode.app/Contents/Developer/Toolchains/XcodeDefault.xctoolchain/usr/lib/swift/watchsimulator -L/usr/lib/swift -Xlinker -add_ast_path -Xlinker /Users/macbookpro/Library/Developer/Xcode/DerivedData/SafePath-apaykayydvobvvfarmseathymlsf/Build/Intermediates.noindex/SafePath.build/Debug-watchsimulator/SafePathWatch\ Watch\ App.build/Objects-normal/arm64/SafePathWatch_Watch_App.swiftmodule @/Users/macbookpro/Library/Developer/Xcode/DerivedData/SafePath-apaykayydvobvvfarmseathymlsf/Build/Intermediates.noindex/SafePath.build/Debug-watchsimulator/SafePathWatch\ Watch\ App.build/Objects-normal/arm64/SafePathWatch_Watch_App-linker-args.resp -Xlinker -alias -Xlinker _main -Xlinker ___debug_main_executable_dylib_entry_point -framework WatchConnectivity -Xlinker -no_adhoc_codesign -o /Users/macbookpro/Library/Developer/Xcode/DerivedData/SafePath-apaykayydvobvvfarmseathymlsf/Build/Intermediates.noindex/SafePath.build/Debug-watchsimulator/SafePathWatch\ Watch\ App.build/Objects-normal/arm64/Binary/SafePathWatch\ Watch\ App.debug.dylib

Ld /Users/macbookpro/Library/Developer/Xcode/DerivedData/SafePath-apaykayydvobvvfarmseathymlsf/Build/Intermediates.noindex/SafePath.build/Debug-watchsimulator/SafePathWatch\ Watch\ App.build/Objects-normal/x86_64/Binary/SafePathWatch\ Watch\ App.debug.dylib normal x86_64 (in target 'SafePathWatch Watch App' from project 'SafePath')
    cd /Users/macbookpro/Documents/MAD/Louie/Untitled
    /Applications/Xcode.app/Contents/Developer/Toolchains/XcodeDefault.xctoolchain/usr/bin/clang -Xlinker -reproducible -target x86_64-apple-watchos26.2-simulator -dynamiclib -isysroot /Applications/Xcode.app/Contents/Developer/Platforms/WatchSimulator.platform/Developer/SDKs/WatchSimulator26.2.sdk -O0 -L/Users/macbookpro/Library/Developer/Xcode/DerivedData/SafePath-apaykayydvobvvfarmseathymlsf/Build/Intermediates.noindex/EagerLinkingTBDs/Debug-watchsimulator -L/Users/macbookpro/Library/Developer/Xcode/DerivedData/SafePath-apaykayydvobvvfarmseathymlsf/Build/Products/Debug-watchsimulator -F/Users/macbookpro/Library/Developer/Xcode/DerivedData/SafePath-apaykayydvobvvfarmseathymlsf/Build/Intermediates.noindex/EagerLinkingTBDs/Debug-watchsimulator -F/Users/macbookpro/Library/Developer/Xcode/DerivedData/SafePath-apaykayydvobvvfarmseathymlsf/Build/Products/Debug-watchsimulator -filelist /Users/macbookpro/Library/Developer/Xcode/DerivedData/SafePath-apaykayydvobvvfarmseathymlsf/Build/Intermediates.noindex/SafePath.build/Debug-watchsimulator/SafePathWatch\ Watch\ App.build/Objects-normal/x86_64/SafePathWatch\ Watch\ App.LinkFileList -install_name @rpath/SafePathWatch\ Watch\ App.debug.dylib -Xlinker -rpath -Xlinker @executable_path/Frameworks -dead_strip -Xlinker -object_path_lto -Xlinker /Users/macbookpro/Library/Developer/Xcode/DerivedData/SafePath-apaykayydvobvvfarmseathymlsf/Build/Intermediates.noindex/SafePath.build/Debug-watchsimulator/SafePathWatch\ Watch\ App.build/Objects-normal/x86_64/SafePathWatch\ Watch\ App_lto.o -rdynamic -Xlinker -no_deduplicate -Xlinker -objc_abi_version -Xlinker 2 -Xlinker -debug_variant -Xlinker -dependency_info -Xlinker /Users/macbookpro/Library/Developer/Xcode/DerivedData/SafePath-apaykayydvobvvfarmseathymlsf/Build/Intermediates.noindex/SafePath.build/Debug-watchsimulator/SafePathWatch\ Watch\ App.build/Objects-normal/x86_64/SafePathWatch\ Watch\ App_dependency_info.dat -fobjc-link-runtime -fprofile-instr-generate -L/Applications/Xcode.app/Contents/Developer/Toolchains/XcodeDefault.xctoolchain/usr/lib/swift/watchsimulator -L/usr/lib/swift -Xlinker -add_ast_path -Xlinker /Users/macbookpro/Library/Developer/Xcode/DerivedData/SafePath-apaykayydvobvvfarmseathymlsf/Build/Intermediates.noindex/SafePath.build/Debug-watchsimulator/SafePathWatch\ Watch\ App.build/Objects-normal/x86_64/SafePathWatch_Watch_App.swiftmodule @/Users/macbookpro/Library/Developer/Xcode/DerivedData/SafePath-apaykayydvobvvfarmseathymlsf/Build/Intermediates.noindex/SafePath.build/Debug-watchsimulator/SafePathWatch\ Watch\ App.build/Objects-normal/x86_64/SafePathWatch_Watch_App-linker-args.resp -Xlinker -alias -Xlinker _main -Xlinker ___debug_main_executable_dylib_entry_point -framework WatchConnectivity -Xlinker -no_adhoc_codesign -o /Users/macbookpro/Library/Developer/Xcode/DerivedData/SafePath-apaykayydvobvvfarmseathymlsf/Build/Intermediates.noindex/SafePath.build/Debug-watchsimulator/SafePathWatch\ Watch\ App.build/Objects-normal/x86_64/Binary/SafePathWatch\ Watch\ App.debug.dylib

ProcessProductPackaging "" /Users/macbookpro/Library/Developer/Xcode/DerivedData/SafePath-apaykayydvobvvfarmseathymlsf/Build/Intermediates.noindex/SafePath.build/Debug-iphonesimulator/SafePath.build/SafePath.app-Simulated.xcent (in target 'SafePath' from project 'SafePath')
    cd /Users/macbookpro/Documents/MAD/Louie/Untitled
    
    Entitlements:
    
    {
    "application-identifier" = "8C9N6GH5L3.Mualli.SafePath.Person2";
}
    
    builtin-productPackagingUtility -entitlements -format xml -o /Users/macbookpro/Library/Developer/Xcode/DerivedData/SafePath-apaykayydvobvvfarmseathymlsf/Build/Intermediates.noindex/SafePath.build/Debug-iphonesimulator/SafePath.build/SafePath.app-Simulated.xcent

ProcessInfoPlistFile /Users/macbookpro/Library/Developer/Xcode/DerivedData/SafePath-apaykayydvobvvfarmseathymlsf/Build/Products/Debug-watchsimulator/SafePathWatch\ Watch\ App.app/Info.plist /Users/macbookpro/Library/Developer/Xcode/DerivedData/SafePath-apaykayydvobvvfarmseathymlsf/Build/Intermediates.noindex/SafePath.build/Debug-watchsimulator/SafePathWatch\ Watch\ App.build/empty-SafePathWatch\ Watch\ App.plist (in target 'SafePathWatch Watch App' from project 'SafePath')
    cd /Users/macbookpro/Documents/MAD/Louie/Untitled
    builtin-infoPlistUtility /Users/macbookpro/Library/Developer/Xcode/DerivedData/SafePath-apaykayydvobvvfarmseathymlsf/Build/Intermediates.noindex/SafePath.build/Debug-watchsimulator/SafePathWatch\ Watch\ App.build/empty-SafePathWatch\ Watch\ App.plist -producttype com.apple.product-type.application -genpkginfo /Users/macbookpro/Library/Developer/Xcode/DerivedData/SafePath-apaykayydvobvvfarmseathymlsf/Build/Products/Debug-watchsimulator/SafePathWatch\ Watch\ App.app/PkgInfo -expandbuildsettings -format binary -platform watchsimulator -additionalcontentfile /Users/macbookpro/Library/Developer/Xcode/DerivedData/SafePath-apaykayydvobvvfarmseathymlsf/Build/Intermediates.noindex/SafePath.build/Debug-watchsimulator/SafePathWatch\ Watch\ App.build/assetcatalog_generated_info.plist -o /Users/macbookpro/Library/Developer/Xcode/DerivedData/SafePath-apaykayydvobvvfarmseathymlsf/Build/Products/Debug-watchsimulator/SafePathWatch\ Watch\ App.app/Info.plist

ProcessProductPackagingDER /Users/macbookpro/Library/Developer/Xcode/DerivedData/SafePath-apaykayydvobvvfarmseathymlsf/Build/Intermediates.noindex/SafePath.build/Debug-iphonesimulator/SafePath.build/SafePath.app-Simulated.xcent /Users/macbookpro/Library/Developer/Xcode/DerivedData/SafePath-apaykayydvobvvfarmseathymlsf/Build/Intermediates.noindex/SafePath.build/Debug-iphonesimulator/SafePath.build/SafePath.app-Simulated.xcent.der (in target 'SafePath' from project 'SafePath')
    cd /Users/macbookpro/Documents/MAD/Louie/Untitled
    /usr/bin/derq query -f xml -i /Users/macbookpro/Library/Developer/Xcode/DerivedData/SafePath-apaykayydvobvvfarmseathymlsf/Build/Intermediates.noindex/SafePath.build/Debug-iphonesimulator/SafePath.build/SafePath.app-Simulated.xcent -o /Users/macbookpro/Library/Developer/Xcode/DerivedData/SafePath-apaykayydvobvvfarmseathymlsf/Build/Intermediates.noindex/SafePath.build/Debug-iphonesimulator/SafePath.build/SafePath.app-Simulated.xcent.der --raw

SwiftDriver SafePath normal arm64 com.apple.xcode.tools.swift.compiler (in target 'SafePath' from project 'SafePath')
    cd /Users/macbookpro/Documents/MAD/Louie/Untitled
    builtin-SwiftDriver -- /Applications/Xcode.app/Contents/Developer/Toolchains/XcodeDefault.xctoolchain/usr/bin/swiftc -module-name SafePath -Onone -enforce-exclusivity\=checked @/Users/macbookpro/Library/Developer/Xcode/DerivedData/SafePath-apaykayydvobvvfarmseathymlsf/Build/Intermediates.noindex/SafePath.build/Debug-iphonesimulator/SafePath.build/Objects-normal/arm64/SafePath.SwiftFileList -DDEBUG -Xcc -fmodule-map-file\=/Users/macbookpro/Library/Developer/Xcode/DerivedData/SafePath-apaykayydvobvvfarmseathymlsf/Build/Intermediates.noindex/GeneratedModuleMaps-iphonesimulator/RecaptchaInterop.modulemap -Xcc -fmodule-map-file\=/Users/macbookpro/Library/Developer/Xcode/DerivedData/SafePath-apaykayydvobvvfarmseathymlsf/Build/Intermediates.noindex/GeneratedModuleMaps-iphonesimulator/GoogleUtilities-Network.modulemap -Xcc -fmodule-map-file\=/Users/macbookpro/Library/Developer/Xcode/DerivedData/SafePath-apaykayydvobvvfarmseathymlsf/Build/Intermediates.noindex/GeneratedModuleMaps-iphonesimulator/GoogleUtilities-Reachability.modulemap -Xcc -fmodule-map-file\=/Users/macbookpro/Library/Developer/Xcode/DerivedData/SafePath-apaykayydvobvvfarmseathymlsf/Build/Intermediates.noindex/GeneratedModuleMaps-iphonesimulator/GoogleUtilities-AppDelegateSwizzler.modulemap -Xcc -fmodule-map-file\=/Users/macbookpro/Library/Developer/Xcode/DerivedData/SafePath-apaykayydvobvvfarmseathymlsf/Build/Intermediates.noindex/GeneratedModuleMaps-iphonesimulator/GTMSessionFetcherCore.modulemap -Xcc -fmodule-map-file\=/Users/macbookpro/Library/Developer/Xcode/DerivedData/SafePath-apaykayydvobvvfarmseathymlsf/Build/Intermediates.noindex/GeneratedModuleMaps-iphonesimulator/FirebaseAuthInternal.modulemap -Xcc -fmodule-map-file\=/Users/macbookpro/Library/Developer/Xcode/DerivedData/SafePath-apaykayydvobvvfarmseathymlsf/Build/Intermediates.noindex/GeneratedModuleMaps-iphonesimulator/FirebaseAuthInterop.modulemap -Xcc -fmodule-map-file\=/Users/macbookpro/Library/Developer/Xcode/DerivedData/SafePath-apaykayydvobvvfarmseathymlsf/Build/Intermediates.noindex/GeneratedModuleMaps-iphonesimulator/GoogleUtilities-NSData.modulemap -Xcc -fmodule-map-file\=/Users/macbookpro/Library/Developer/Xcode/DerivedData/SafePath-apaykayydvobvvfarmseathymlsf/Build/Intermediates.noindex/GeneratedModuleMaps-iphonesimulator/GoogleUtilities-Environment.modulemap -Xcc -fmodule-map-file\=/Users/macbookpro/Library/Developer/Xcode/DerivedData/SafePath-apaykayydvobvvfarmseathymlsf/Build/Intermediates.noindex/GeneratedModuleMaps-iphonesimulator/third-party-IsAppEncrypted.modulemap -Xcc -fmodule-map-file\=/Users/macbookpro/Library/Developer/Xcode/DerivedData/SafePath-apaykayydvobvvfarmseathymlsf/Build/Intermediates.noindex/GeneratedModuleMaps-iphonesimulator/GoogleUtilities-Logger.modulemap -Xcc -fmodule-map-file\=/Users/macbookpro/Library/Developer/Xcode/DerivedData/SafePath-apaykayydvobvvfarmseathymlsf/Build/Intermediates.noindex/GeneratedModuleMaps-iphonesimulator/abslWrapper.modulemap -Xcc -fmodule-map-file\=/Users/macbookpro/Library/Developer/Xcode/DerivedData/SafePath-apaykayydvobvvfarmseathymlsf/Build/Intermediates.noindex/GeneratedModuleMaps-iphonesimulator/opensslWrapper.modulemap -Xcc -fmodule-map-file\=/Users/macbookpro/Library/Developer/Xcode/DerivedData/SafePath-apaykayydvobvvfarmseathymlsf/Build/Intermediates.noindex/GeneratedModuleMaps-iphonesimulator/grpcWrapper.modulemap -Xcc -fmodule-map-file\=/Users/macbookpro/Library/Developer/Xcode/DerivedData/SafePath-apaykayydvobvvfarmseathymlsf/Build/Intermediates.noindex/GeneratedModuleMaps-iphonesimulator/grpcppWrapper.modulemap -Xcc -fmodule-map-file\=/Users/macbookpro/Library/Developer/Xcode/DerivedData/SafePath-apaykayydvobvvfarmseathymlsf/Build/Intermediates.noindex/GeneratedModuleMaps-iphonesimulator/nanopb.modulemap -Xcc -fmodule-map-file\=/Users/macbookpro/Library/Developer/Xcode/DerivedData/SafePath-apaykayydvobvvfarmseathymlsf/Build/Intermediates.noindex/GeneratedModuleMaps-iphonesimulator/leveldb.modulemap -Xcc -fmodule-map-file\=/Users/macbookpro/Library/Developer/Xcode/DerivedData/SafePath-apaykayydvobvvfarmseathymlsf/Build/Intermediates.noindex/GeneratedModuleMaps-iphonesimulator/FirebaseCoreExtension.modulemap -Xcc -fmodule-map-file\=/Users/macbookpro/Library/Developer/Xcode/DerivedData/SafePath-apaykayydvobvvfarmseathymlsf/Build/Intermediates.noindex/GeneratedModuleMaps-iphonesimulator/FirebaseCore.modulemap -Xcc -fmodule-map-file\=/Users/macbookpro/Library/Developer/Xcode/DerivedData/SafePath-apaykayydvobvvfarmseathymlsf/Build/Intermediates.noindex/GeneratedModuleMaps-iphonesimulator/FirebaseAppCheckInterop.modulemap -Xcc -fmodule-map-file\=/Users/macbookpro/Library/Developer/Xcode/DerivedData/SafePath-apaykayydvobvvfarmseathymlsf/Build/Intermediates.noindex/GeneratedModuleMaps-iphonesimulator/FirebaseFirestoreInternalWrapper.modulemap -Xcc -fmodule-map-file\=/Users/macbookpro/Library/Developer/Xcode/DerivedData/SafePath-apaykayydvobvvfarmseathymlsf/Build/Intermediates.noindex/GeneratedModuleMaps-iphonesimulator/FirebaseFirestoreTarget.modulemap -default-isolation\=MainActor -enable-bare-slash-regex -enable-upcoming-feature DisableOutwardActorInference -enable-upcoming-feature InferSendableFromCaptures -enable-upcoming-feature GlobalActorIsolatedTypesUsability -enable-upcoming-feature MemberImportVisibility -enable-upcoming-feature InferIsolatedConformances -enable-upcoming-feature NonisolatedNonsendingByDefault -enable-experimental-feature DebugDescriptionMacro -sdk /Applications/Xcode.app/Contents/Developer/Platforms/iPhoneSimulator.platform/Developer/SDKs/iPhoneSimulator26.2.sdk -target arm64-apple-ios26.2-simulator -g -module-cache-path /Users/macbookpro/Library/Developer/Xcode/DerivedData/ModuleCache.noindex -Xfrontend -serialize-debugging-options -profile-coverage-mapping -profile-generate -enable-testing -index-store-path /Users/macbookpro/Library/Developer/Xcode/DerivedData/SafePath-apaykayydvobvvfarmseathymlsf/Index.noindex/DataStore -Xcc -D_LIBCPP_HARDENING_MODE\=_LIBCPP_HARDENING_MODE_DEBUG -swift-version 5 -I /Users/macbookpro/Library/Developer/Xcode/DerivedData/SafePath-apaykayydvobvvfarmseathymlsf/Build/Products/Debug-iphonesimulator -F /Users/macbookpro/Library/Developer/Xcode/DerivedData/SafePath-apaykayydvobvvfarmseathymlsf/Build/Products/Debug-iphonesimulator/PackageFrameworks -F /Users/macbookpro/Library/Developer/Xcode/DerivedData/SafePath-apaykayydvobvvfarmseathymlsf/Build/Products/Debug-iphonesimulator/PackageFrameworks -F /Users/macbookpro/Library/Developer/Xcode/DerivedData/SafePath-apaykayydvobvvfarmseathymlsf/Build/Products/Debug-iphonesimulator/PackageFrameworks -F /Users/macbookpro/Library/Developer/Xcode/DerivedData/SafePath-apaykayydvobvvfarmseathymlsf/Build/Products/Debug-iphonesimulator/PackageFrameworks -F /Users/macbookpro/Library/Developer/Xcode/DerivedData/SafePath-apaykayydvobvvfarmseathymlsf/Build/Products/Debug-iphonesimulator/PackageFrameworks -F /Users/macbookpro/Library/Developer/Xcode/DerivedData/SafePath-apaykayydvobvvfarmseathymlsf/Build/Products/Debug-iphonesimulator/PackageFrameworks -F /Users/macbookpro/Library/Developer/Xcode/DerivedData/SafePath-apaykayydvobvvfarmseathymlsf/Build/Products/Debug-iphonesimulator/PackageFrameworks -F /Users/macbookpro/Library/Developer/Xcode/DerivedData/SafePath-apaykayydvobvvfarmseathymlsf/Build/Products/Debug-iphonesimulator/PackageFrameworks -F /Users/macbookpro/Library/Developer/Xcode/DerivedData/SafePath-apaykayydvobvvfarmseathymlsf/Build/Products/Debug-iphonesimulator/PackageFrameworks -F /Users/macbookpro/Library/Developer/Xcode/DerivedData/SafePath-apaykayydvobvvfarmseathymlsf/Build/Products/Debug-iphonesimulator/PackageFrameworks -F /Users/macbookpro/Library/Developer/Xcode/DerivedData/SafePath-apaykayydvobvvfarmseathymlsf/Build/Products/Debug-iphonesimulator/PackageFrameworks -F /Users/macbookpro/Library/Developer/Xcode/DerivedData/SafePath-apaykayydvobvvfarmseathymlsf/Build/Products/Debug-iphonesimulator/PackageFrameworks -F /Users/macbookpro/Library/Developer/Xcode/DerivedData/SafePath-apaykayydvobvvfarmseathymlsf/Build/Products/Debug-iphonesimulator/PackageFrameworks -F /Users/macbookpro/Library/Developer/Xcode/DerivedData/SafePath-apaykayydvobvvfarmseathymlsf/Build/Products/Debug-iphonesimulator/PackageFrameworks -F /Users/macbookpro/Library/Developer/Xcode/DerivedData/SafePath-apaykayydvobvvfarmseathymlsf/Build/Products/Debug-iphonesimulator/PackageFrameworks -F /Users/macbookpro/Library/Developer/Xcode/DerivedData/SafePath-apaykayydvobvvfarmseathymlsf/Build/Products/Debug-iphonesimulator/PackageFrameworks -F /Users/macbookpro/Library/Developer/Xcode/DerivedData/SafePath-apaykayydvobvvfarmseathymlsf/Build/Products/Debug-iphonesimulator/PackageFrameworks -F /Users/macbookpro/Library/Developer/Xcode/DerivedData/SafePath-apaykayydvobvvfarmseathymlsf/Build/Products/Debug-iphonesimulator/PackageFrameworks -F /Users/macbookpro/Library/Developer/Xcode/DerivedData/SafePath-apaykayydvobvvfarmseathymlsf/Build/Products/Debug-iphonesimulator/PackageFrameworks -F /Users/macbookpro/Library/Developer/Xcode/DerivedData/SafePath-apaykayydvobvvfarmseathymlsf/Build/Products/Debug-iphonesimulator/PackageFrameworks -F /Users/macbookpro/Library/Developer/Xcode/DerivedData/SafePath-apaykayydvobvvfarmseathymlsf/Build/Products/Debug-iphonesimulator/PackageFrameworks -F /Users/macbookpro/Library/Developer/Xcode/DerivedData/SafePath-apaykayydvobvvfarmseathymlsf/Build/Products/Debug-iphonesimulator/PackageFrameworks -F /Users/macbookpro/Library/Developer/Xcode/DerivedData/SafePath-apaykayydvobvvfarmseathymlsf/Build/Products/Debug-iphonesimulator/PackageFrameworks -F /Users/macbookpro/Library/Developer/Xcode/DerivedData/SafePath-apaykayydvobvvfarmseathymlsf/Build/Products/Debug-iphonesimulator/PackageFrameworks -F /Users/macbookpro/Library/Developer/Xcode/DerivedData/SafePath-apaykayydvobvvfarmseathymlsf/Build/Products/Debug-iphonesimulator/PackageFrameworks -F /Users/macbookpro/Library/Developer/Xcode/DerivedData/SafePath-apaykayydvobvvfarmseathymlsf/Build/Products/Debug-iphonesimulator/PackageFrameworks -F /Users/macbookpro/Library/Developer/Xcode/DerivedData/SafePath-apaykayydvobvvfarmseathymlsf/Build/Products/Debug-iphonesimulator/PackageFrameworks -F /Users/macbookpro/Library/Developer/Xcode/DerivedData/SafePath-apaykayydvobvvfarmseathymlsf/Build/Products/Debug-iphonesimulator -emit-localized-strings -emit-localized-strings-path /Users/macbookpro/Library/Developer/Xcode/DerivedData/SafePath-apaykayydvobvvfarmseathymlsf/Build/Intermediates.noindex/SafePath.build/Debug-iphonesimulator/SafePath.build/Objects-normal/arm64 -c -j8 -enable-batch-mode -incremental -Xcc -ivfsstatcache -Xcc /Users/macbookpro/Library/Developer/Xcode/DerivedData/SDKStatCaches.noindex/iphonesimulator26.2-23C53-7d00a8b37fbd7999ea79df8ebc024bf0.sdkstatcache -output-file-map /Users/macbookpro/Library/Developer/Xcode/DerivedData/SafePath-apaykayydvobvvfarmseathymlsf/Build/Intermediates.noindex/SafePath.build/Debug-iphonesimulator/SafePath.build/Objects-normal/arm64/SafePath-OutputFileMap.json -use-frontend-parseable-output -save-temps -no-color-diagnostics -explicit-module-build -module-cache-path /Users/macbookpro/Library/Developer/Xcode/DerivedData/SafePath-apaykayydvobvvfarmseathymlsf/Build/Intermediates.noindex/SwiftExplicitPrecompiledModules -clang-scanner-module-cache-path /Users/macbookpro/Library/Developer/Xcode/DerivedData/ModuleCache.noindex -sdk-module-cache-path /Users/macbookpro/Library/Developer/Xcode/DerivedData/ModuleCache.noindex -serialize-diagnostics -emit-dependencies -emit-module -emit-module-path /Users/macbookpro/Library/Developer/Xcode/DerivedData/SafePath-apaykayydvobvvfarmseathymlsf/Build/Intermediates.noindex/SafePath.build/Debug-iphonesimulator/SafePath.build/Objects-normal/arm64/SafePath.swiftmodule -validate-clang-modules-once -clang-build-session-file /Users/macbookpro/Library/Developer/Xcode/DerivedData/ModuleCache.noindex/Session.modulevalidation -Xcc -I/Users/macbookpro/Library/Developer/Xcode/DerivedData/SafePath-apaykayydvobvvfarmseathymlsf/Build/Intermediates.noindex/SafePath.build/Debug-iphonesimulator/SafePath.build/swift-overrides.hmap -emit-const-values -Xfrontend -const-gather-protocols-file -Xfrontend /Users/macbookpro/Library/Developer/Xcode/DerivedData/SafePath-apaykayydvobvvfarmseathymlsf/Build/Intermediates.noindex/SafePath.build/Debug-iphonesimulator/SafePath.build/Objects-normal/arm64/SafePath_const_extract_protocols.json -Xcc -iquote -Xcc /Users/macbookpro/Library/Developer/Xcode/DerivedData/SafePath-apaykayydvobvvfarmseathymlsf/Build/Intermediates.noindex/SafePath.build/Debug-iphonesimulator/SafePath.build/SafePath-generated-files.hmap -Xcc -I/Users/macbookpro/Library/Developer/Xcode/DerivedData/SafePath-apaykayydvobvvfarmseathymlsf/Build/Intermediates.noindex/SafePath.build/Debug-iphonesimulator/SafePath.build/SafePath-own-target-headers.hmap -Xcc -I/Users/macbookpro/Library/Developer/Xcode/DerivedData/SafePath-apaykayydvobvvfarmseathymlsf/Build/Intermediates.noindex/SafePath.build/Debug-iphonesimulator/SafePath.build/SafePath-all-non-framework-target-headers.hmap -Xcc -ivfsoverlay -Xcc /Users/macbookpro/Library/Developer/Xcode/DerivedData/SafePath-apaykayydvobvvfarmseathymlsf/Build/Intermediates.noindex/SafePath.build/Debug-iphonesimulator/SafePath-d7d395965230984d6811281806624eaa-VFS-iphonesimulator/all-product-headers.yaml -Xcc -iquote -Xcc /Users/macbookpro/Library/Developer/Xcode/DerivedData/SafePath-apaykayydvobvvfarmseathymlsf/Build/Intermediates.noindex/SafePath.build/Debug-iphonesimulator/SafePath.build/SafePath-project-headers.hmap -Xcc -I/Users/macbookpro/Library/Developer/Xcode/DerivedData/SafePath-apaykayydvobvvfarmseathymlsf/SourcePackages/checkouts/interop-ios-for-google-sdks/RecaptchaEnterprise/RecaptchaInterop/Public -Xcc -I/Users/macbookpro/Library/Developer/Xcode/DerivedData/SafePath-apaykayydvobvvfarmseathymlsf/SourcePackages/checkouts/GoogleUtilities/GoogleUtilities/Network/Public -Xcc -I/Users/macbookpro/Library/Developer/Xcode/DerivedData/SafePath-apaykayydvobvvfarmseathymlsf/SourcePackages/checkouts/GoogleUtilities/GoogleUtilities/Reachability/Public -Xcc -I/Users/macbookpro/Library/Developer/Xcode/DerivedData/SafePath-apaykayydvobvvfarmseathymlsf/SourcePackages/checkouts/GoogleUtilities/GoogleUtilities/AppDelegateSwizzler/Public -Xcc -I/Users/macbookpro/Library/Developer/Xcode/DerivedData/SafePath-apaykayydvobvvfarmseathymlsf/SourcePackages/checkouts/gtm-session-fetcher/Sources/Core/Public -Xcc -I/Users/macbookpro/Library/Developer/Xcode/DerivedData/SafePath-apaykayydvobvvfarmseathymlsf/SourcePackages/checkouts/firebase-ios-sdk/FirebaseAuth/Sources/Public -Xcc -I/Users/macbookpro/Library/Developer/Xcode/DerivedData/SafePath-apaykayydvobvvfarmseathymlsf/SourcePackages/checkouts/firebase-ios-sdk/FirebaseAuth/Interop/Public -Xcc -I/Users/macbookpro/Library/Developer/Xcode/DerivedData/SafePath-apaykayydvobvvfarmseathymlsf/SourcePackages/checkouts/GoogleUtilities/GoogleUtilities/NSData+zlib/Public -Xcc -I/Users/macbookpro/Library/Developer/Xcode/DerivedData/SafePath-apaykayydvobvvfarmseathymlsf/SourcePackages/checkouts/GoogleUtilities/GoogleUtilities/Environment/Public -Xcc -I/Users/macbookpro/Library/Developer/Xcode/DerivedData/SafePath-apaykayydvobvvfarmseathymlsf/SourcePackages/checkouts/GoogleUtilities/third_party/IsAppEncrypted/Public -Xcc -I/Users/macbookpro/Library/Developer/Xcode/DerivedData/SafePath-apaykayydvobvvfarmseathymlsf/SourcePackages/checkouts/GoogleUtilities/GoogleUtilities/Logger/Public -Xcc -I/Users/macbookpro/Library/Developer/Xcode/DerivedData/SafePath-apaykayydvobvvfarmseathymlsf/SourcePackages/checkouts/abseil-cpp-binary/absl-Wrapper/include -Xcc -I/Users/macbookpro/Library/Developer/Xcode/DerivedData/SafePath-apaykayydvobvvfarmseathymlsf/SourcePackages/checkouts/grpc-binary/openssl-grpc-Wrapper/include -Xcc -I/Users/macbookpro/Library/Developer/Xcode/DerivedData/SafePath-apaykayydvobvvfarmseathymlsf/SourcePackages/checkouts/grpc-binary/grpc-Wrapper/include -Xcc -I/Users/macbookpro/Library/Developer/Xcode/DerivedData/SafePath-apaykayydvobvvfarmseathymlsf/SourcePackages/checkouts/grpc-binary/grpcpp-Wrapper/include -Xcc -I/Users/macbookpro/Library/Developer/Xcode/DerivedData/SafePath-apaykayydvobvvfarmseathymlsf/SourcePackages/checkouts/nanopb/spm_headers -Xcc -I/Users/macbookpro/Library/Developer/Xcode/DerivedData/SafePath-apaykayydvobvvfarmseathymlsf/SourcePackages/checkouts/leveldb/include -Xcc -I/Users/macbookpro/Library/Developer/Xcode/DerivedData/SafePath-apaykayydvobvvfarmseathymlsf/SourcePackages/checkouts/firebase-ios-sdk/FirebaseCore/Extension -Xcc -I/Users/macbookpro/Library/Developer/Xcode/DerivedData/SafePath-apaykayydvobvvfarmseathymlsf/SourcePackages/checkouts/firebase-ios-sdk/FirebaseCore/Sources/Public -Xcc -I/Users/macbookpro/Library/Developer/Xcode/DerivedData/SafePath-apaykayydvobvvfarmseathymlsf/SourcePackages/checkouts/firebase-ios-sdk/CoreOnly/Sources -Xcc -I/Users/macbookpro/Library/Developer/Xcode/DerivedData/SafePath-apaykayydvobvvfarmseathymlsf/SourcePackages/checkouts/firebase-ios-sdk/FirebaseAppCheck/Interop/Public -Xcc -I/Users/macbookpro/Library/Developer/Xcode/DerivedData/SafePath-apaykayydvobvvfarmseathymlsf/SourcePackages/checkouts/firebase-ios-sdk/FirebaseFirestoreInternal -Xcc -I/Users/macbookpro/Library/Developer/Xcode/DerivedData/SafePath-apaykayydvobvvfarmseathymlsf/SourcePackages/checkouts/firebase-ios-sdk/SwiftPM-PlatformExclude/FirebaseFirestoreWrap/include -Xcc -I/Users/macbookpro/Library/Developer/Xcode/DerivedData/SafePath-apaykayydvobvvfarmseathymlsf/Build/Products/Debug-iphonesimulator/include -Xcc -I/Users/macbookpro/Library/Developer/Xcode/DerivedData/SafePath-apaykayydvobvvfarmseathymlsf/Build/Intermediates.noindex/SafePath.build/Debug-iphonesimulator/SafePath.build/DerivedSources-normal/arm64 -Xcc -I/Users/macbookpro/Library/Developer/Xcode/DerivedData/SafePath-apaykayydvobvvfarmseathymlsf/Build/Intermediates.noindex/SafePath.build/Debug-iphonesimulator/SafePath.build/DerivedSources/arm64 -Xcc -I/Users/macbookpro/Library/Developer/Xcode/DerivedData/SafePath-apaykayydvobvvfarmseathymlsf/Build/Intermediates.noindex/SafePath.build/Debug-iphonesimulator/SafePath.build/DerivedSources -Xcc -DDEBUG\=1 -emit-objc-header -emit-objc-header-path /Users/macbookpro/Library/Developer/Xcode/DerivedData/SafePath-apaykayydvobvvfarmseathymlsf/Build/Intermediates.noindex/SafePath.build/Debug-iphonesimulator/SafePath.build/Objects-normal/arm64/SafePath-Swift.h -working-directory /Users/macbookpro/Documents/MAD/Louie/Untitled -experimental-emit-module-separately -disable-cmo

ConstructStubExecutorLinkFileList /Users/macbookpro/Library/Developer/Xcode/DerivedData/SafePath-apaykayydvobvvfarmseathymlsf/Build/Intermediates.noindex/SafePath.build/Debug-watchsimulator/SafePathWatch\ Watch\ App.build/SafePathWatch\ Watch\ App-ExecutorLinkFileList-normal-arm64.txt (in target 'SafePathWatch Watch App' from project 'SafePath')
    cd /Users/macbookpro/Documents/MAD/Louie/Untitled
    construct-stub-executor-link-file-list /Users/macbookpro/Library/Developer/Xcode/DerivedData/SafePath-apaykayydvobvvfarmseathymlsf/Build/Intermediates.noindex/SafePath.build/Debug-watchsimulator/SafePathWatch\ Watch\ App.build/Objects-normal/arm64/Binary/SafePathWatch\ Watch\ App.debug.dylib /Applications/Xcode.app/Contents/Developer/Platforms/WatchSimulator.platform/Developer/usr/lib/libPreviewsJITStubExecutor_no_swift_entry_point.a /Applications/Xcode.app/Contents/Developer/Platforms/WatchSimulator.platform/Developer/usr/lib/libPreviewsJITStubExecutor.a --output /Users/macbookpro/Library/Developer/Xcode/DerivedData/SafePath-apaykayydvobvvfarmseathymlsf/Build/Intermediates.noindex/SafePath.build/Debug-watchsimulator/SafePathWatch\ Watch\ App.build/SafePathWatch\ Watch\ App-ExecutorLinkFileList-normal-arm64.txt
note: Using stub executor library with Swift entry point. (in target 'SafePathWatch Watch App' from project 'SafePath')

CreateUniversalBinary /Users/macbookpro/Library/Developer/Xcode/DerivedData/SafePath-apaykayydvobvvfarmseathymlsf/Build/Products/Debug-watchsimulator/SafePathWatch\ Watch\ App.app/SafePathWatch\ Watch\ App.debug.dylib normal arm64\ x86_64 (in target 'SafePathWatch Watch App' from project 'SafePath')
    cd /Users/macbookpro/Documents/MAD/Louie/Untitled
    /Applications/Xcode.app/Contents/Developer/Toolchains/XcodeDefault.xctoolchain/usr/bin/lipo -create /Users/macbookpro/Library/Developer/Xcode/DerivedData/SafePath-apaykayydvobvvfarmseathymlsf/Build/Intermediates.noindex/SafePath.build/Debug-watchsimulator/SafePathWatch\ Watch\ App.build/Objects-normal/arm64/Binary/SafePathWatch\ Watch\ App.debug.dylib /Users/macbookpro/Library/Developer/Xcode/DerivedData/SafePath-apaykayydvobvvfarmseathymlsf/Build/Intermediates.noindex/SafePath.build/Debug-watchsimulator/SafePathWatch\ Watch\ App.build/Objects-normal/x86_64/Binary/SafePathWatch\ Watch\ App.debug.dylib -output /Users/macbookpro/Library/Developer/Xcode/DerivedData/SafePath-apaykayydvobvvfarmseathymlsf/Build/Products/Debug-watchsimulator/SafePathWatch\ Watch\ App.app/SafePathWatch\ Watch\ App.debug.dylib

ConstructStubExecutorLinkFileList /Users/macbookpro/Library/Developer/Xcode/DerivedData/SafePath-apaykayydvobvvfarmseathymlsf/Build/Intermediates.noindex/SafePath.build/Debug-watchsimulator/SafePathWatch\ Watch\ App.build/SafePathWatch\ Watch\ App-ExecutorLinkFileList-normal-x86_64.txt (in target 'SafePathWatch Watch App' from project 'SafePath')
    cd /Users/macbookpro/Documents/MAD/Louie/Untitled
    construct-stub-executor-link-file-list /Users/macbookpro/Library/Developer/Xcode/DerivedData/SafePath-apaykayydvobvvfarmseathymlsf/Build/Intermediates.noindex/SafePath.build/Debug-watchsimulator/SafePathWatch\ Watch\ App.build/Objects-normal/x86_64/Binary/SafePathWatch\ Watch\ App.debug.dylib /Applications/Xcode.app/Contents/Developer/Platforms/WatchSimulator.platform/Developer/usr/lib/libPreviewsJITStubExecutor_no_swift_entry_point.a /Applications/Xcode.app/Contents/Developer/Platforms/WatchSimulator.platform/Developer/usr/lib/libPreviewsJITStubExecutor.a --output /Users/macbookpro/Library/Developer/Xcode/DerivedData/SafePath-apaykayydvobvvfarmseathymlsf/Build/Intermediates.noindex/SafePath.build/Debug-watchsimulator/SafePathWatch\ Watch\ App.build/SafePathWatch\ Watch\ App-ExecutorLinkFileList-normal-x86_64.txt
note: Using stub executor library with Swift entry point. (in target 'SafePathWatch Watch App' from project 'SafePath')

Ld /Users/macbookpro/Library/Developer/Xcode/DerivedData/SafePath-apaykayydvobvvfarmseathymlsf/Build/Intermediates.noindex/SafePath.build/Debug-watchsimulator/SafePathWatch\ Watch\ App.build/Objects-normal/x86_64/Binary/SafePathWatch\ Watch\ App normal x86_64 (in target 'SafePathWatch Watch App' from project 'SafePath')
    cd /Users/macbookpro/Documents/MAD/Louie/Untitled
    /Applications/Xcode.app/Contents/Developer/Toolchains/XcodeDefault.xctoolchain/usr/bin/clang -Xlinker -reproducible -target x86_64-apple-watchos26.2-simulator -isysroot /Applications/Xcode.app/Contents/Developer/Platforms/WatchSimulator.platform/Developer/SDKs/WatchSimulator26.2.sdk -O0 -L/Users/macbookpro/Library/Developer/Xcode/DerivedData/SafePath-apaykayydvobvvfarmseathymlsf/Build/Products/Debug-watchsimulator -F/Users/macbookpro/Library/Developer/Xcode/DerivedData/SafePath-apaykayydvobvvfarmseathymlsf/Build/Products/Debug-watchsimulator -Xlinker -rpath -Xlinker @executable_path -Xlinker -rpath -Xlinker @executable_path/Frameworks -rdynamic -Xlinker -no_deduplicate -Xlinker -objc_abi_version -Xlinker 2 -Xlinker -debug_variant -e ___debug_blank_executor_main -Xlinker -sectcreate -Xlinker __TEXT -Xlinker __debug_dylib -Xlinker /Users/macbookpro/Library/Developer/Xcode/DerivedData/SafePath-apaykayydvobvvfarmseathymlsf/Build/Intermediates.noindex/SafePath.build/Debug-watchsimulator/SafePathWatch\ Watch\ App.build/SafePathWatch\ Watch\ App-DebugDylibPath-normal-x86_64.txt -Xlinker -sectcreate -Xlinker __TEXT -Xlinker __debug_instlnm -Xlinker /Users/macbookpro/Library/Developer/Xcode/DerivedData/SafePath-apaykayydvobvvfarmseathymlsf/Build/Intermediates.noindex/SafePath.build/Debug-watchsimulator/SafePathWatch\ Watch\ App.build/SafePathWatch\ Watch\ App-DebugDylibInstallName-normal-x86_64.txt -Xlinker -filelist -Xlinker /Users/macbookpro/Library/Developer/Xcode/DerivedData/SafePath-apaykayydvobvvfarmseathymlsf/Build/Intermediates.noindex/SafePath.build/Debug-watchsimulator/SafePathWatch\ Watch\ App.build/SafePathWatch\ Watch\ App-ExecutorLinkFileList-normal-x86_64.txt -Xlinker -sectcreate -Xlinker __TEXT -Xlinker __entitlements -Xlinker /Users/macbookpro/Library/Developer/Xcode/DerivedData/SafePath-apaykayydvobvvfarmseathymlsf/Build/Intermediates.noindex/SafePath.build/Debug-watchsimulator/SafePathWatch\ Watch\ App.build/SafePathWatch\ Watch\ App.app-Simulated.xcent -Xlinker -sectcreate -Xlinker __TEXT -Xlinker __ents_der -Xlinker /Users/macbookpro/Library/Developer/Xcode/DerivedData/SafePath-apaykayydvobvvfarmseathymlsf/Build/Intermediates.noindex/SafePath.build/Debug-watchsimulator/SafePathWatch\ Watch\ App.build/SafePathWatch\ Watch\ App.app-Simulated.xcent.der /Users/macbookpro/Library/Developer/Xcode/DerivedData/SafePath-apaykayydvobvvfarmseathymlsf/Build/Intermediates.noindex/SafePath.build/Debug-watchsimulator/SafePathWatch\ Watch\ App.build/Objects-normal/x86_64/Binary/SafePathWatch\ Watch\ App.debug.dylib -Xlinker -no_adhoc_codesign -o /Users/macbookpro/Library/Developer/Xcode/DerivedData/SafePath-apaykayydvobvvfarmseathymlsf/Build/Intermediates.noindex/SafePath.build/Debug-watchsimulator/SafePathWatch\ Watch\ App.build/Objects-normal/x86_64/Binary/SafePathWatch\ Watch\ App

Ld /Users/macbookpro/Library/Developer/Xcode/DerivedData/SafePath-apaykayydvobvvfarmseathymlsf/Build/Intermediates.noindex/SafePath.build/Debug-watchsimulator/SafePathWatch\ Watch\ App.build/Objects-normal/arm64/Binary/SafePathWatch\ Watch\ App normal arm64 (in target 'SafePathWatch Watch App' from project 'SafePath')
    cd /Users/macbookpro/Documents/MAD/Louie/Untitled
    /Applications/Xcode.app/Contents/Developer/Toolchains/XcodeDefault.xctoolchain/usr/bin/clang -Xlinker -reproducible -target arm64-apple-watchos26.2-simulator -isysroot /Applications/Xcode.app/Contents/Developer/Platforms/WatchSimulator.platform/Developer/SDKs/WatchSimulator26.2.sdk -O0 -L/Users/macbookpro/Library/Developer/Xcode/DerivedData/SafePath-apaykayydvobvvfarmseathymlsf/Build/Products/Debug-watchsimulator -F/Users/macbookpro/Library/Developer/Xcode/DerivedData/SafePath-apaykayydvobvvfarmseathymlsf/Build/Products/Debug-watchsimulator -Xlinker -rpath -Xlinker @executable_path -Xlinker -rpath -Xlinker @executable_path/Frameworks -rdynamic -Xlinker -no_deduplicate -Xlinker -objc_abi_version -Xlinker 2 -Xlinker -debug_variant -e ___debug_blank_executor_main -Xlinker -sectcreate -Xlinker __TEXT -Xlinker __debug_dylib -Xlinker /Users/macbookpro/Library/Developer/Xcode/DerivedData/SafePath-apaykayydvobvvfarmseathymlsf/Build/Intermediates.noindex/SafePath.build/Debug-watchsimulator/SafePathWatch\ Watch\ App.build/SafePathWatch\ Watch\ App-DebugDylibPath-normal-arm64.txt -Xlinker -sectcreate -Xlinker __TEXT -Xlinker __debug_instlnm -Xlinker /Users/macbookpro/Library/Developer/Xcode/DerivedData/SafePath-apaykayydvobvvfarmseathymlsf/Build/Intermediates.noindex/SafePath.build/Debug-watchsimulator/SafePathWatch\ Watch\ App.build/SafePathWatch\ Watch\ App-DebugDylibInstallName-normal-arm64.txt -Xlinker -filelist -Xlinker /Users/macbookpro/Library/Developer/Xcode/DerivedData/SafePath-apaykayydvobvvfarmseathymlsf/Build/Intermediates.noindex/SafePath.build/Debug-watchsimulator/SafePathWatch\ Watch\ App.build/SafePathWatch\ Watch\ App-ExecutorLinkFileList-normal-arm64.txt -Xlinker -sectcreate -Xlinker __TEXT -Xlinker __entitlements -Xlinker /Users/macbookpro/Library/Developer/Xcode/DerivedData/SafePath-apaykayydvobvvfarmseathymlsf/Build/Intermediates.noindex/SafePath.build/Debug-watchsimulator/SafePathWatch\ Watch\ App.build/SafePathWatch\ Watch\ App.app-Simulated.xcent -Xlinker -sectcreate -Xlinker __TEXT -Xlinker __ents_der -Xlinker /Users/macbookpro/Library/Developer/Xcode/DerivedData/SafePath-apaykayydvobvvfarmseathymlsf/Build/Intermediates.noindex/SafePath.build/Debug-watchsimulator/SafePathWatch\ Watch\ App.build/SafePathWatch\ Watch\ App.app-Simulated.xcent.der /Users/macbookpro/Library/Developer/Xcode/DerivedData/SafePath-apaykayydvobvvfarmseathymlsf/Build/Intermediates.noindex/SafePath.build/Debug-watchsimulator/SafePathWatch\ Watch\ App.build/Objects-normal/arm64/Binary/SafePathWatch\ Watch\ App.debug.dylib -Xlinker -no_adhoc_codesign -o /Users/macbookpro/Library/Developer/Xcode/DerivedData/SafePath-apaykayydvobvvfarmseathymlsf/Build/Intermediates.noindex/SafePath.build/Debug-watchsimulator/SafePathWatch\ Watch\ App.build/Objects-normal/arm64/Binary/SafePathWatch\ Watch\ App

CreateUniversalBinary /Users/macbookpro/Library/Developer/Xcode/DerivedData/SafePath-apaykayydvobvvfarmseathymlsf/Build/Products/Debug-watchsimulator/SafePathWatch\ Watch\ App.app/SafePathWatch\ Watch\ App normal arm64\ x86_64 (in target 'SafePathWatch Watch App' from project 'SafePath')
    cd /Users/macbookpro/Documents/MAD/Louie/Untitled
    /Applications/Xcode.app/Contents/Developer/Toolchains/XcodeDefault.xctoolchain/usr/bin/lipo -create /Users/macbookpro/Library/Developer/Xcode/DerivedData/SafePath-apaykayydvobvvfarmseathymlsf/Build/Intermediates.noindex/SafePath.build/Debug-watchsimulator/SafePathWatch\ Watch\ App.build/Objects-normal/arm64/Binary/SafePathWatch\ Watch\ App /Users/macbookpro/Library/Developer/Xcode/DerivedData/SafePath-apaykayydvobvvfarmseathymlsf/Build/Intermediates.noindex/SafePath.build/Debug-watchsimulator/SafePathWatch\ Watch\ App.build/Objects-normal/x86_64/Binary/SafePathWatch\ Watch\ App -output /Users/macbookpro/Library/Developer/Xcode/DerivedData/SafePath-apaykayydvobvvfarmseathymlsf/Build/Products/Debug-watchsimulator/SafePathWatch\ Watch\ App.app/SafePathWatch\ Watch\ App

CopySwiftLibs /Users/macbookpro/Library/Developer/Xcode/DerivedData/SafePath-apaykayydvobvvfarmseathymlsf/Build/Products/Debug-watchsimulator/SafePathWatch\ Watch\ App.app (in target 'SafePathWatch Watch App' from project 'SafePath')
    cd /Users/macbookpro/Documents/MAD/Louie/Untitled
    builtin-swiftStdLibTool --copy --verbose --sign - --scan-executable /Users/macbookpro/Library/Developer/Xcode/DerivedData/SafePath-apaykayydvobvvfarmseathymlsf/Build/Products/Debug-watchsimulator/SafePathWatch\ Watch\ App.app/SafePathWatch\ Watch\ App.debug.dylib --scan-folder /Users/macbookpro/Library/Developer/Xcode/DerivedData/SafePath-apaykayydvobvvfarmseathymlsf/Build/Products/Debug-watchsimulator/SafePathWatch\ Watch\ App.app/Frameworks --scan-folder /Users/macbookpro/Library/Developer/Xcode/DerivedData/SafePath-apaykayydvobvvfarmseathymlsf/Build/Products/Debug-watchsimulator/SafePathWatch\ Watch\ App.app/PlugIns --scan-folder /Users/macbookpro/Library/Developer/Xcode/DerivedData/SafePath-apaykayydvobvvfarmseathymlsf/Build/Products/Debug-watchsimulator/SafePathWatch\ Watch\ App.app/SystemExtensions --scan-folder /Users/macbookpro/Library/Developer/Xcode/DerivedData/SafePath-apaykayydvobvvfarmseathymlsf/Build/Products/Debug-watchsimulator/SafePathWatch\ Watch\ App.app/Extensions --scan-folder /Applications/Xcode.app/Contents/Developer/Platforms/WatchOS.platform/Developer/SDKs/WatchOS26.2.sdk/System/Library/Frameworks/WatchConnectivity.framework --platform watchsimulator --toolchain /Applications/Xcode.app/Contents/Developer/Toolchains/XcodeDefault.xctoolchain --destination /Users/macbookpro/Library/Developer/Xcode/DerivedData/SafePath-apaykayydvobvvfarmseathymlsf/Build/Products/Debug-watchsimulator/SafePathWatch\ Watch\ App.app/Frameworks --strip-bitcode --strip-bitcode-tool /Applications/Xcode.app/Contents/Developer/Toolchains/XcodeDefault.xctoolchain/usr/bin/bitcode_strip --emit-dependency-info /Users/macbookpro/Library/Developer/Xcode/DerivedData/SafePath-apaykayydvobvvfarmseathymlsf/Build/Intermediates.noindex/SafePath.build/Debug-watchsimulator/SafePathWatch\ Watch\ App.build/SwiftStdLibToolInputDependencies.dep --filter-for-swift-os

ExtractAppIntentsMetadata (in target 'SafePathWatch Watch App' from project 'SafePath')
    cd /Users/macbookpro/Documents/MAD/Louie/Untitled
    /Applications/Xcode.app/Contents/Developer/Toolchains/XcodeDefault.xctoolchain/usr/bin/appintentsmetadataprocessor --toolchain-dir /Applications/Xcode.app/Contents/Developer/Toolchains/XcodeDefault.xctoolchain --module-name SafePathWatch_Watch_App --sdk-root /Applications/Xcode.app/Contents/Developer/Platforms/WatchSimulator.platform/Developer/SDKs/WatchSimulator26.2.sdk --xcode-version 17C52 --platform-family watchOS --deployment-target 26.2 --bundle-identifier Mualli.SafePath.Person2.watchkitapp.watchkitextension --output /Users/macbookpro/Library/Developer/Xcode/DerivedData/SafePath-apaykayydvobvvfarmseathymlsf/Build/Products/Debug-watchsimulator/SafePathWatch\ Watch\ App.app --target-triple arm64-apple-watchos26.2-simulator --target-triple x86_64-apple-watchos26.2-simulator --binary-file /Users/macbookpro/Library/Developer/Xcode/DerivedData/SafePath-apaykayydvobvvfarmseathymlsf/Build/Products/Debug-watchsimulator/SafePathWatch\ Watch\ App.app/SafePathWatch\ Watch\ App --dependency-file /Users/macbookpro/Library/Developer/Xcode/DerivedData/SafePath-apaykayydvobvvfarmseathymlsf/Build/Intermediates.noindex/SafePath.build/Debug-watchsimulator/SafePathWatch\ Watch\ App.build/Objects-normal/arm64/SafePathWatch\ Watch\ App_dependency_info.dat --dependency-file /Users/macbookpro/Library/Developer/Xcode/DerivedData/SafePath-apaykayydvobvvfarmseathymlsf/Build/Intermediates.noindex/SafePath.build/Debug-watchsimulator/SafePathWatch\ Watch\ App.build/Objects-normal/x86_64/SafePathWatch\ Watch\ App_dependency_info.dat --stringsdata-file /Users/macbookpro/Library/Developer/Xcode/DerivedData/SafePath-apaykayydvobvvfarmseathymlsf/Build/Intermediates.noindex/SafePath.build/Debug-watchsimulator/SafePathWatch\ Watch\ App.build/Objects-normal/arm64/ExtractedAppShortcutsMetadata.stringsdata --stringsdata-file /Users/macbookpro/Library/Developer/Xcode/DerivedData/SafePath-apaykayydvobvvfarmseathymlsf/Build/Intermediates.noindex/SafePath.build/Debug-watchsimulator/SafePathWatch\ Watch\ App.build/Objects-normal/x86_64/ExtractedAppShortcutsMetadata.stringsdata --source-file-list /Users/macbookpro/Library/Developer/Xcode/DerivedData/SafePath-apaykayydvobvvfarmseathymlsf/Build/Intermediates.noindex/SafePath.build/Debug-watchsimulator/SafePathWatch\ Watch\ App.build/Objects-normal/arm64/SafePathWatch\ Watch\ App.SwiftFileList --source-file-list /Users/macbookpro/Library/Developer/Xcode/DerivedData/SafePath-apaykayydvobvvfarmseathymlsf/Build/Intermediates.noindex/SafePath.build/Debug-watchsimulator/SafePathWatch\ Watch\ App.build/Objects-normal/x86_64/SafePathWatch\ Watch\ App.SwiftFileList --metadata-file-list /Users/macbookpro/Library/Developer/Xcode/DerivedData/SafePath-apaykayydvobvvfarmseathymlsf/Build/Intermediates.noindex/SafePath.build/Debug-watchsimulator/SafePathWatch\ Watch\ App.build/SafePathWatch\ Watch\ App.DependencyMetadataFileList --static-metadata-file-list /Users/macbookpro/Library/Developer/Xcode/DerivedData/SafePath-apaykayydvobvvfarmseathymlsf/Build/Intermediates.noindex/SafePath.build/Debug-watchsimulator/SafePathWatch\ Watch\ App.build/SafePathWatch\ Watch\ App.DependencyStaticMetadataFileList --swift-const-vals-list /Users/macbookpro/Library/Developer/Xcode/DerivedData/SafePath-apaykayydvobvvfarmseathymlsf/Build/Intermediates.noindex/SafePath.build/Debug-watchsimulator/SafePathWatch\ Watch\ App.build/Objects-normal/arm64/SafePathWatch\ Watch\ App.SwiftConstValuesFileList --swift-const-vals-list /Users/macbookpro/Library/Developer/Xcode/DerivedData/SafePath-apaykayydvobvvfarmseathymlsf/Build/Intermediates.noindex/SafePath.build/Debug-watchsimulator/SafePathWatch\ Watch\ App.build/Objects-normal/x86_64/SafePathWatch\ Watch\ App.SwiftConstValuesFileList --compile-time-extraction --deployment-aware-processing --validate-assistant-intents --no-app-shortcuts-localization
2026-06-12 17:50:56.509 appintentsmetadataprocessor[14153:233807] Starting appintentsmetadataprocessor export
2026-06-12 17:50:56.510 appintentsmetadataprocessor[14153:233807] warning: Metadata extraction skipped. No AppIntents.framework dependency found.

CodeSign /Users/macbookpro/Library/Developer/Xcode/DerivedData/SafePath-apaykayydvobvvfarmseathymlsf/Build/Products/Debug-watchsimulator/SafePathWatch\ Watch\ App.app/SafePathWatch\ Watch\ App.debug.dylib (in target 'SafePathWatch Watch App' from project 'SafePath')
    cd /Users/macbookpro/Documents/MAD/Louie/Untitled
    
    Signing Identity:     "Sign to Run Locally"
    
    /usr/bin/codesign --force --sign - --timestamp\=none --generate-entitlement-der /Users/macbookpro/Library/Developer/Xcode/DerivedData/SafePath-apaykayydvobvvfarmseathymlsf/Build/Products/Debug-watchsimulator/SafePathWatch\ Watch\ App.app/SafePathWatch\ Watch\ App.debug.dylib

CodeSign /Users/macbookpro/Library/Developer/Xcode/DerivedData/SafePath-apaykayydvobvvfarmseathymlsf/Build/Products/Debug-watchsimulator/SafePathWatch\ Watch\ App.app (in target 'SafePathWatch Watch App' from project 'SafePath')
    cd /Users/macbookpro/Documents/MAD/Louie/Untitled
    
    Signing Identity:     "Sign to Run Locally"
    
    /usr/bin/codesign --force --sign - --timestamp\=none --generate-entitlement-der /Users/macbookpro/Library/Developer/Xcode/DerivedData/SafePath-apaykayydvobvvfarmseathymlsf/Build/Products/Debug-watchsimulator/SafePathWatch\ Watch\ App.app

Validate /Users/macbookpro/Library/Developer/Xcode/DerivedData/SafePath-apaykayydvobvvfarmseathymlsf/Build/Products/Debug-watchsimulator/SafePathWatch\ Watch\ App.app (in target 'SafePathWatch Watch App' from project 'SafePath')
    cd /Users/macbookpro/Documents/MAD/Louie/Untitled
    builtin-validationUtility /Users/macbookpro/Library/Developer/Xcode/DerivedData/SafePath-apaykayydvobvvfarmseathymlsf/Build/Products/Debug-watchsimulator/SafePathWatch\ Watch\ App.app -shallow-bundle -infoplist-subpath Info.plist

SwiftCompile normal arm64 Compiling\ LiveLocationFamilyView.swift,\ ProfilePageView.swift,\ RegisterView.swift /Users/macbookpro/Documents/MAD/Louie/Untitled/SafePath/Views/Person2/LiveLocationFamilyView.swift /Users/macbookpro/Documents/MAD/Louie/Untitled/SafePath/Views/Person2/ProfilePageView.swift /Users/macbookpro/Documents/MAD/Louie/Untitled/SafePath/Views/Person2/RegisterView.swift (in target 'SafePath' from project 'SafePath')

SwiftCompile normal arm64 /Users/macbookpro/Documents/MAD/Louie/Untitled/SafePath/Views/Person2/LiveLocationFamilyView.swift (in target 'SafePath' from project 'SafePath')
    cd /Users/macbookpro/Documents/MAD/Louie/Untitled
    

SwiftCompile normal arm64 /Users/macbookpro/Documents/MAD/Louie/Untitled/SafePath/Views/Person2/ProfilePageView.swift (in target 'SafePath' from project 'SafePath')
    cd /Users/macbookpro/Documents/MAD/Louie/Untitled
    

SwiftCompile normal arm64 /Users/macbookpro/Documents/MAD/Louie/Untitled/SafePath/Views/Person2/RegisterView.swift (in target 'SafePath' from project 'SafePath')
    cd /Users/macbookpro/Documents/MAD/Louie/Untitled
    

SwiftCompile normal arm64 Compiling\ DisasterAlertView.swift,\ EvacuationMapView.swift,\ MainMapView.swift,\ MapBottomSheetView.swift /Users/macbookpro/Documents/MAD/Louie/Untitled/SafePath/Views/Person1/DisasterAlertView.swift /Users/macbookpro/Documents/MAD/Louie/Untitled/SafePath/Views/Person1/EvacuationMapView.swift /Users/macbookpro/Documents/MAD/Louie/Untitled/SafePath/Views/Person1/MainMapView.swift /Users/macbookpro/Documents/MAD/Louie/Untitled/SafePath/Views/Person1/MapBottomSheetView.swift (in target 'SafePath' from project 'SafePath')
SwiftCompile normal arm64 /Users/macbookpro/Documents/MAD/Louie/Untitled/SafePath/Views/Person1/DisasterAlertView.swift (in target 'SafePath' from project 'SafePath')
    cd /Users/macbookpro/Documents/MAD/Louie/Untitled
    

SwiftCompile normal arm64 /Users/macbookpro/Documents/MAD/Louie/Untitled/SafePath/Views/Person1/EvacuationMapView.swift (in target 'SafePath' from project 'SafePath')
    cd /Users/macbookpro/Documents/MAD/Louie/Untitled
    

SwiftCompile normal arm64 /Users/macbookpro/Documents/MAD/Louie/Untitled/SafePath/Views/Person1/MainMapView.swift (in target 'SafePath' from project 'SafePath')
    cd /Users/macbookpro/Documents/MAD/Louie/Untitled
    

SwiftCompile normal arm64 /Users/macbookpro/Documents/MAD/Louie/Untitled/SafePath/Views/Person1/MapBottomSheetView.swift (in target 'SafePath' from project 'SafePath')
    cd /Users/macbookpro/Documents/MAD/Louie/Untitled
    

SwiftCompile normal arm64 Compiling\ ShelterDetailView.swift,\ ShelterListView.swift,\ EditProfileView.swift,\ FamilyNotificationsView.swift /Users/macbookpro/Documents/MAD/Louie/Untitled/SafePath/Views/Person1/ShelterDetailView.swift /Users/macbookpro/Documents/MAD/Louie/Untitled/SafePath/Views/Person1/ShelterListView.swift /Users/macbookpro/Documents/MAD/Louie/Untitled/SafePath/Views/Person2/EditProfileView.swift /Users/macbookpro/Documents/MAD/Louie/Untitled/SafePath/Views/Person2/FamilyNotificationsView.swift (in target 'SafePath' from project 'SafePath')

SwiftCompile normal arm64 /Users/macbookpro/Documents/MAD/Louie/Untitled/SafePath/Views/Person1/ShelterDetailView.swift (in target 'SafePath' from project 'SafePath')
    cd /Users/macbookpro/Documents/MAD/Louie/Untitled
    

SwiftCompile normal arm64 /Users/macbookpro/Documents/MAD/Louie/Untitled/SafePath/Views/Person1/ShelterListView.swift (in target 'SafePath' from project 'SafePath')
    cd /Users/macbookpro/Documents/MAD/Louie/Untitled
    

SwiftCompile normal arm64 /Users/macbookpro/Documents/MAD/Louie/Untitled/SafePath/Views/Person2/EditProfileView.swift (in target 'SafePath' from project 'SafePath')
    cd /Users/macbookpro/Documents/MAD/Louie/Untitled
    

SwiftCompile normal arm64 /Users/macbookpro/Documents/MAD/Louie/Untitled/SafePath/Views/Person2/FamilyNotificationsView.swift (in target 'SafePath' from project 'SafePath')
    cd /Users/macbookpro/Documents/MAD/Louie/Untitled
    

SwiftCompile normal arm64 Compiling\ FamilySafetyViewModel.swift,\ PreparednessViewModel.swift,\ UserManagementViewModel.swift,\ DisasterAlertDetailView.swift /Users/macbookpro/Documents/MAD/Louie/Untitled/SafePath/ViewModels/FamilySafetyViewModel.swift /Users/macbookpro/Documents/MAD/Louie/Untitled/SafePath/ViewModels/PreparednessViewModel.swift /Users/macbookpro/Documents/MAD/Louie/Untitled/SafePath/ViewModels/UserManagementViewModel.swift /Users/macbookpro/Documents/MAD/Louie/Untitled/SafePath/Views/Person1/DisasterAlertDetailView.swift (in target 'SafePath' from project 'SafePath')

SwiftCompile normal arm64 /Users/macbookpro/Documents/MAD/Louie/Untitled/SafePath/ViewModels/FamilySafetyViewModel.swift (in target 'SafePath' from project 'SafePath')
    cd /Users/macbookpro/Documents/MAD/Louie/Untitled
    

SwiftCompile normal arm64 /Users/macbookpro/Documents/MAD/Louie/Untitled/SafePath/ViewModels/PreparednessViewModel.swift (in target 'SafePath' from project 'SafePath')
    cd /Users/macbookpro/Documents/MAD/Louie/Untitled
    

SwiftCompile normal arm64 /Users/macbookpro/Documents/MAD/Louie/Untitled/SafePath/ViewModels/UserManagementViewModel.swift (in target 'SafePath' from project 'SafePath')
    cd /Users/macbookpro/Documents/MAD/Louie/Untitled
    

SwiftCompile normal arm64 /Users/macbookpro/Documents/MAD/Louie/Untitled/SafePath/Views/Person1/DisasterAlertDetailView.swift (in target 'SafePath' from project 'SafePath')
    cd /Users/macbookpro/Documents/MAD/Louie/Untitled
    

SwiftCompile normal arm64 Compiling\ AppRouter.swift,\ EditProfileiPadView.swift,\ ProfilePageiPadView.swift,\ LocationService.swift /Users/macbookpro/Documents/MAD/Louie/Untitled/SafePath/App/AppRouter.swift /Users/macbookpro/Documents/MAD/Louie/Untitled/SafePath/Features/Family/iPad/EditProfileiPadView.swift /Users/macbookpro/Documents/MAD/Louie/Untitled/SafePath/Features/Family/iPad/ProfilePageiPadView.swift /Users/macbookpro/Documents/MAD/Louie/Untitled/SafePath/Services/LocationService.swift (in target 'SafePath' from project 'SafePath')

SwiftCompile normal arm64 /Users/macbookpro/Documents/MAD/Louie/Untitled/SafePath/App/AppRouter.swift (in target 'SafePath' from project 'SafePath')
    cd /Users/macbookpro/Documents/MAD/Louie/Untitled
    

SwiftCompile normal arm64 /Users/macbookpro/Documents/MAD/Louie/Untitled/SafePath/Features/Family/iPad/EditProfileiPadView.swift (in target 'SafePath' from project 'SafePath')
    cd /Users/macbookpro/Documents/MAD/Louie/Untitled
    

SwiftCompile normal arm64 /Users/macbookpro/Documents/MAD/Louie/Untitled/SafePath/Features/Family/iPad/ProfilePageiPadView.swift (in target 'SafePath' from project 'SafePath')
    cd /Users/macbookpro/Documents/MAD/Louie/Untitled
    

SwiftCompile normal arm64 /Users/macbookpro/Documents/MAD/Louie/Untitled/SafePath/Services/LocationService.swift (in target 'SafePath' from project 'SafePath')
    cd /Users/macbookpro/Documents/MAD/Louie/Untitled
    

SwiftEmitModule normal arm64 Emitting\ module\ for\ SafePath (in target 'SafePath' from project 'SafePath')
Failed frontend command:
/Applications/Xcode.app/Contents/Developer/Toolchains/XcodeDefault.xctoolchain/usr/bin/swift-frontend -frontend -emit-module -experimental-skip-non-inlinable-function-bodies-without-types /Users/macbookpro/Documents/MAD/Louie/Untitled/SafePath/App/AppRouter.swift /Users/macbookpro/Documents/MAD/Louie/Untitled/SafePath/Features/Family/iPad/ActiveFamilyDashboardiPadView.swift /Users/macbookpro/Documents/MAD/Louie/Untitled/SafePath/Features/Family/iPad/CreateFamilyGroupiPadView.swift /Users/macbookpro/Documents/MAD/Louie/Untitled/SafePath/Features/Family/iPad/EditProfileiPadView.swift /Users/macbookpro/Documents/MAD/Louie/Untitled/SafePath/Features/Family/iPad/FamilyDashboardEmptyiPadView.swift /Users/macbookpro/Documents/MAD/Louie/Untitled/SafePath/Features/Family/iPad/FamilyDashboardiPadView.swift /Users/macbookpro/Documents/MAD/Louie/Untitled/SafePath/Features/Family/iPad/FamilyNotificationsiPadView.swift /Users/macbookpro/Documents/MAD/Louie/Untitled/SafePath/Features/Family/iPad/JoinFamilyGroupiPadView.swift /Users/macbookpro/Documents/MAD/Louie/Untitled/SafePath/Features/Family/iPad/LiveLocationFamilyiPadView.swift /Users/macbookpro/Documents/MAD/Louie/Untitled/SafePath/Features/Family/iPad/ProfilePageiPadView.swift /Users/macbookpro/Documents/MAD/Louie/Untitled/SafePath/Features/Family/iPad/SOSSentiPadView.swift /Users/macbookpro/Documents/MAD/Louie/Untitled/SafePath/Features/NavigationDisaster/iPad/DisasterAlertDashboardiPadView.swift /Users/macbookpro/Documents/MAD/Louie/Untitled/SafePath/Features/NavigationDisaster/iPad/EvacuationDashboardiPadView.swift /Users/macbookpro/Documents/MAD/Louie/Untitled/SafePath/Features/NavigationDisaster/iPad/MainDashboardiPadView.swift /Users/macbookpro/Documents/MAD/Louie/Untitled/SafePath/Features/NavigationDisaster/iPad/MapCommandCenteriPadView.swift /Users/macbookpro/Documents/MAD/Louie/Untitled/SafePath/Features/NavigationDisaster/iPad/ShelterDirectoryiPadView.swift /Users/macbookpro/Documents/MAD/Louie/Untitled/SafePath/Models/SwiftData/SDModels.swift /Users/macbookpro/Documents/MAD/Louie/Untitled/SafePath/Models/SwiftData/SharedModelContainer.swift /Users/macbookpro/Documents/MAD/Louie/Untitled/SafePath/Models/ChecklistItem.swift /Users/macbookpro/Documents/MAD/Louie/Untitled/SafePath/Models/DisasterAlert.swift /Users/macbookpro/Documents/MAD/Louie/Untitled/SafePath/Models/DisasterChecklist.swift /Users/macbookpro/Documents/MAD/Louie/Untitled/SafePath/Models/DisasterPreparationGuide.swift /Users/macbookpro/Documents/MAD/Louie/Untitled/SafePath/Models/EmergencyStatus.swift /Users/macbookpro/Documents/MAD/Louie/Untitled/SafePath/Models/EvacuationRoute.swift /Users/macbookpro/Documents/MAD/Louie/Untitled/SafePath/Models/FamilyGroup.swift /Users/macbookpro/Documents/MAD/Louie/Untitled/SafePath/Models/FamilyMember.swift /Users/macbookpro/Documents/MAD/Louie/Untitled/SafePath/Models/FamilyNotification.swift /Users/macbookpro/Documents/MAD/Louie/Untitled/SafePath/Models/FirstAidGuide.swift /Users/macbookpro/Documents/MAD/Louie/Untitled/SafePath/Models/FirstAidKitItem.swift /Users/macbookpro/Documents/MAD/Louie/Untitled/SafePath/Models/FirstAidRepository.swift /Users/macbookpro/Documents/MAD/Louie/Untitled/SafePath/Models/FirstAidStep.swift /Users/macbookpro/Documents/MAD/Louie/Untitled/SafePath/Models/OfflineMap.swift /Users/macbookpro/Documents/MAD/Louie/Untitled/SafePath/Models/OfflineSurvivalData.swift /Users/macbookpro/Documents/MAD/Louie/Untitled/SafePath/Models/PreparednessReminder.swift /Users/macbookpro/Documents/MAD/Louie/Untitled/SafePath/Models/RiskProfile.swift /Users/macbookpro/Documents/MAD/Louie/Untitled/SafePath/Models/Shelter.swift /Users/macbookpro/Documents/MAD/Louie/Untitled/SafePath/Models/User.swift /Users/macbookpro/Documents/MAD/Louie/Untitled/SafePath/Models/UserLocation.swift /Users/macbookpro/Documents/MAD/Louie/Untitled/SafePath/Models/UserPreferences.swift /Users/macbookpro/Documents/MAD/Louie/Untitled/SafePath/Repositories/Protocols/EmergencyStatusRepositoryProtocol.swift /Users/macbookpro/Documents/MAD/Louie/Untitled/SafePath/Repositories/Protocols/FamilyRepositoryProtocol.swift /Users/macbookpro/Documents/MAD/Louie/Untitled/SafePath/Repositories/Protocols/UserRepositoryProtocol.swift /Users/macbookpro/Documents/MAD/Louie/Untitled/SafePath/Repositories/ChecklistRepository.swift /Users/macbookpro/Documents/MAD/Louie/Untitled/SafePath/Repositories/DisasterAlertRepository.swift /Users/macbookpro/Documents/MAD/Louie/Untitled/SafePath/Repositories/DisasterPreparationRepository.swift /Users/macbookpro/Documents/MAD/Louie/Untitled/SafePath/Repositories/EmergencyStatusRepository.swift /Users/macbookpro/Documents/MAD/Louie/Untitled/SafePath/Repositories/FamilyRepository.swift /Users/macbookpro/Documents/MAD/Louie/Untitled/SafePath/Repositories/OfflineMapRepository.swift /Users/macbookpro/Documents/MAD/Louie/Untitled/SafePath/Repositories/OfflineSurvivalRepository.swift /Users/macbookpro/Documents/MAD/Louie/Untitled/SafePath/Repositories/PreparednessRepository.swift /Users/macbookpro/Documents/MAD/Louie/Untitled/SafePath/Repositories/RouteRepository.swift /Users/macbookpro/Documents/MAD/Louie/Untitled/SafePath/Repositories/ShelterRepository.swift /Users/macbookpro/Documents/MAD/Louie/Untitled/SafePath/Repositories/UserRepository.swift /Users/macbookpro/Documents/MAD/Louie/Untitled/SafePath/Services/APIEndpoint.swift /Users/macbookpro/Documents/MAD/Louie/Untitled/SafePath/Services/APIError.swift /Users/macbookpro/Documents/MAD/Louie/Untitled/SafePath/Services/APIService.swift /Users/macbookpro/Documents/MAD/Louie/Untitled/SafePath/Services/APIServiceProtocol.swift /Users/macbookpro/Documents/MAD/Louie/Untitled/SafePath/Services/CacheManager.swift /Users/macbookpro/Documents/MAD/Louie/Untitled/SafePath/Services/Constants.swift /Users/macbookpro/Documents/MAD/Louie/Untitled/SafePath/Services/Extensions.swift /Users/macbookpro/Documents/MAD/Louie/Untitled/SafePath/Services/LocalStorageService.swift /Users/macbookpro/Documents/MAD/Louie/Untitled/SafePath/Services/LocationService.swift /Users/macbookpro/Documents/MAD/Louie/Untitled/SafePath/Services/NetworkMonitor.swift /Users/macbookpro/Documents/MAD/Louie/Untitled/SafePath/Services/PendingChecklistQueue.swift /Users/macbookpro/Documents/MAD/Louie/Untitled/SafePath/Services/SessionManager.swift /Users/macbookpro/Documents/MAD/Louie/Untitled/SafePath/Shared/Connectivity/IOSConnectivityManager.swift /Users/macbookpro/Documents/MAD/Louie/Untitled/SafePath/Shared/Connectivity/WatchConnectivityManager.swift /Users/macbookpro/Documents/MAD/Louie/Untitled/SafePath/Shared/Connectivity/WatchConnectivityModels.swift /Users/macbookpro/Documents/MAD/Louie/Untitled/SafePath/ViewModels/ChecklistViewModel.swift /Users/macbookpro/Documents/MAD/Louie/Untitled/SafePath/ViewModels/CustomizeChecklistViewModel.swift /Users/macbookpro/Documents/MAD/Louie/Untitled/SafePath/ViewModels/DisasterAlertViewModel.swift /Users/macbookpro/Documents/MAD/Louie/Untitled/SafePath/ViewModels/DisasterPreparationViewModel.swift /Users/macbookpro/Documents/MAD/Louie/Untitled/SafePath/ViewModels/EmergencyStatusViewModel.swift /Users/macbookpro/Documents/MAD/Louie/Untitled/SafePath/ViewModels/EvacuationRouteViewModel.swift /Users/macbookpro/Documents/MAD/Louie/Untitled/SafePath/ViewModels/FamilySafetyViewModel.swift /Users/macbookpro/Documents/MAD/Louie/Untitled/SafePath/ViewModels/FirstAidGuideViewModel.swift /Users/macbookpro/Documents/MAD/Louie/Untitled/SafePath/ViewModels/NotificationViewModel.swift /Users/macbookpro/Documents/MAD/Louie/Untitled/SafePath/ViewModels/OfflineMapViewModel.swift /Users/macbookpro/Documents/MAD/Louie/Untitled/SafePath/ViewModels/OfflineSurvivalViewModel.swift /Users/macbookpro/Documents/MAD/Louie/Untitled/SafePath/ViewModels/PreparednessViewModel.swift /Users/macbookpro/Documents/MAD/Louie/Untitled/SafePath/ViewModels/ShelterViewModel.swift /Users/macbookpro/Documents/MAD/Louie/Untitled/SafePath/ViewModels/UserManagementViewModel.swift /Users/macbookpro/Documents/MAD/Louie/Untitled/SafePath/Views/Components/CircularProgressView.swift /Users/macbookpro/Documents/MAD/Louie/Untitled/SafePath/Views/Components/DisasterAlertMarkerView.swift /Users/macbookpro/Documents/MAD/Louie/Untitled/SafePath/Views/Components/ShelterMarkerView.swift /Users/macbookpro/Documents/MAD/Louie/Untitled/SafePath/Views/Person1/DisasterAlertDetailView.swift /Users/macbookpro/Documents/MAD/Louie/Untitled/SafePath/Views/Person1/DisasterAlertView.swift /Users/macbookpro/Documents/MAD/Louie/Untitled/SafePath/Views/Person1/EvacuationMapView.swift /Users/macbookpro/Documents/MAD/Louie/Untitled/SafePath/Views/Person1/MainMapView.swift /Users/macbookpro/Documents/MAD/Louie/Untitled/SafePath/Views/Person1/MapBottomSheetView.swift /Users/macbookpro/Documents/MAD/Louie/Untitled/SafePath/Views/Person1/ShelterDetailView.swift /Users/macbookpro/Documents/MAD/Louie/Untitled/SafePath/Views/Person1/ShelterListView.swift /Users/macbookpro/Documents/MAD/Louie/Untitled/SafePath/Views/Person2/ActiveFamilyDashboardView.swift /Users/macbookpro/Documents/MAD/Louie/Untitled/SafePath/Views/Person2/CreateFamilyGroupView.swift /Users/macbookpro/Documents/MAD/Louie/Untitled/SafePath/Views/Person2/EditProfileView.swift /Users/macbookpro/Documents/MAD/Louie/Untitled/SafePath/Views/Person2/EmergencyStatusView.swift /Users/macbookpro/Documents/MAD/Louie/Untitled/SafePath/Views/Person2/EmergencySystemNotification.swift /Users/macbookpro/Documents/MAD/Louie/Untitled/SafePath/Views/Person2/FamilyDashboardView.swift /Users/macbookpro/Documents/MAD/Louie/Untitled/SafePath/Views/Person2/FamilyNotificationsView.swift /Users/macbookpro/Documents/MAD/Louie/Untitled/SafePath/Views/Person2/JoinFamilyGroupView.swift /Users/macbookpro/Documents/MAD/Louie/Untitled/SafePath/Views/Person2/LiveLocationFamilyView.swift /Users/macbookpro/Documents/MAD/Louie/Untitled/SafePath/Views/Person2/LoginView.swift /Users/macbookpro/Documents/MAD/Louie/Untitled/SafePath/Views/Person2/ProfilePageView.swift /Users/macbookpro/Documents/MAD/Louie/Untitled/SafePath/Views/Person2/RegisterView.swift /Users/macbookpro/Documents/MAD/Louie/Untitled/SafePath/Views/Person2/SettingView.swift /Users/macbookpro/Documents/MAD/Louie/Untitled/SafePath/Views/Person2/SOSSentView.swift /Users/macbookpro/Documents/MAD/Louie/Untitled/SafePath/Views/Person3/ChecklistPadView.swift /Users/macbookpro/Documents/MAD/Louie/Untitled/SafePath/Views/Person3/ChecklistView.swift /Users/macbookpro/Documents/MAD/Louie/Untitled/SafePath/Views/Person3/CustomizeChecklistPadView.swift /Users/macbookpro/Documents/MAD/Louie/Untitled/SafePath/Views/Person3/CustomizeChecklistView.swift /Users/macbookpro/Documents/MAD/Louie/Untitled/SafePath/Views/Person3/DisasterPreparationDetailPadView.swift /Users/macbookpro/Documents/MAD/Louie/Untitled/SafePath/Views/Person3/DisasterPreparationDetailView.swift /Users/macbookpro/Documents/MAD/Louie/Untitled/SafePath/Views/Person3/DisasterPreparationGuidePadView.swift /Users/macbookpro/Documents/MAD/Louie/Untitled/SafePath/Views/Person3/DisasterPreparationGuideView.swift /Users/macbookpro/Documents/MAD/Louie/Untitled/SafePath/Views/Person3/FirstAidGuideDetailPadView.swift /Users/macbookpro/Documents/MAD/Louie/Untitled/SafePath/Views/Person3/FirstAidGuideDetailView.swift /Users/macbookpro/Documents/MAD/Louie/Untitled/SafePath/Views/Person3/FirstAidGuidePadView.swift /Users/macbookpro/Documents/MAD/Louie/Untitled/SafePath/Views/Person3/FirstAidGuideView.swift /Users/macbookpro/Documents/MAD/Louie/Untitled/SafePath/Views/Person3/OfflineMapView.swift /Users/macbookpro/Documents/MAD/Louie/Untitled/SafePath/Views/Person3/OfflineSurvivalView.swift /Users/macbookpro/Documents/MAD/Louie/Untitled/SafePath/Views/Person3/PreparednessPadView.swift /Users/macbookpro/Documents/MAD/Louie/Untitled/SafePath/Views/Person3/PreparednessReminderView.swift /Users/macbookpro/Documents/MAD/Louie/Untitled/SafePath/Views/Person3/PreparednessView.swift /Users/macbookpro/Documents/MAD/Louie/Untitled/SafePath/Views/ContentView.swift /Users/macbookpro/Documents/MAD/Louie/Untitled/SafePath/SafePathApp.swift /Users/macbookpro/Library/Developer/Xcode/DerivedData/SafePath-apaykayydvobvvfarmseathymlsf/Build/Intermediates.noindex/SafePath.build/Debug-iphonesimulator/SafePath.build/DerivedSources/GeneratedAssetSymbols.swift -target arm64-apple-ios26.2-simulator -module-can-import-version DeveloperToolsSupport 23.0.4 23.0.4 -module-can-import-version SwiftUI 7.2.5.1 7.2.5 -module-can-import-version UIKit 9126.2.4.1 9126.2.4 -disable-cross-import-overlay-search -swift-module-cross-import MapKit /Applications/Xcode.app/Contents/Developer/Platforms/iPhoneSimulator.platform/Developer/SDKs/iPhoneSimulator.sdk/System/Library/Frameworks/MapKit.framework/Modules/MapKit.swiftcrossimport/SwiftUI.swiftoverlay -swift-module-cross-import PhotosUI /Applications/Xcode.app/Contents/Developer/Platforms/iPhoneSimulator.platform/Developer/SDKs/iPhoneSimulator.sdk/System/Library/Frameworks/PhotosUI.framework/Modules/PhotosUI.swiftcrossimport/SwiftUI.swiftoverlay -swift-module-cross-import PhotosUI /Applications/Xcode.app/Contents/Developer/Platforms/iPhoneSimulator.platform/Developer/SDKs/iPhoneSimulator.sdk/System/Library/Frameworks/PhotosUI.framework/Modules/PhotosUI.swiftcrossimport/WidgetKit.swiftoverlay -swift-module-cross-import PhotosUI /Applications/Xcode.app/Contents/Developer/Platforms/iPhoneSimulator.platform/Developer/SDKs/iPhoneSimulator26.2.sdk/System/Library/Frameworks/PhotosUI.framework/Modules/PhotosUI.swiftcrossimport/SwiftUI.swiftoverlay -swift-module-cross-import PhotosUI /Applications/Xcode.app/Contents/Developer/Platforms/iPhoneSimulator.platform/Developer/SDKs/iPhoneSimulator26.2.sdk/System/Library/Frameworks/PhotosUI.framework/Modules/PhotosUI.swiftcrossimport/WidgetKit.swiftoverlay -swift-module-cross-import SwiftData /Applications/Xcode.app/Contents/Developer/Platforms/iPhoneSimulator.platform/Developer/SDKs/iPhoneSimulator26.2.sdk/System/Library/Frameworks/SwiftData.framework/Modules/SwiftData.swiftcrossimport/CoreData.swiftoverlay -swift-module-cross-import SwiftData /Applications/Xcode.app/Contents/Developer/Platforms/iPhoneSimulator.platform/Developer/SDKs/iPhoneSimulator26.2.sdk/System/Library/Frameworks/SwiftData.framework/Modules/SwiftData.swiftcrossimport/SwiftUI.swiftoverlay -load-resolved-plugin /Applications/Xcode.app/Contents/Developer/Platforms/iPhoneOS.platform/Developer/usr/lib/swift/host/plugins/libFoundationMacros.dylib\#/Applications/Xcode.app/Contents/Developer/Platforms/iPhoneOS.platform/Developer/usr/bin/swift-plugin-server\#FoundationMacros -load-resolved-plugin /Applications/Xcode.app/Contents/Developer/Platforms/iPhoneOS.platform/Developer/usr/lib/swift/host/plugins/libObservationMacros.dylib\#/Applications/Xcode.app/Contents/Developer/Platforms/iPhoneOS.platform/Developer/usr/bin/swift-plugin-server\#ObservationMacros -load-resolved-plugin /Applications/Xcode.app/Contents/Developer/Platforms/iPhoneOS.platform/Developer/usr/lib/swift/host/plugins/libPreviewsMacros.dylib\#/Applications/Xcode.app/Contents/Developer/Platforms/iPhoneOS.platform/Developer/usr/bin/swift-plugin-server\#PreviewsMacros -load-resolved-plugin /Applications/Xcode.app/Contents/Developer/Platforms/iPhoneOS.platform/Developer/usr/lib/swift/host/plugins/libSwiftDataMacros.dylib\#/Applications/Xcode.app/Contents/Developer/Platforms/iPhoneOS.platform/Developer/usr/bin/swift-plugin-server\#SwiftDataMacros -load-resolved-plugin /Applications/Xcode.app/Contents/Developer/Platforms/iPhoneOS.platform/Developer/usr/lib/swift/host/plugins/libSwiftMacros.dylib\#/Applications/Xcode.app/Contents/Developer/Platforms/iPhoneOS.platform/Developer/usr/bin/swift-plugin-server\#SwiftMacros -load-resolved-plugin /Applications/Xcode.app/Contents/Developer/Platforms/iPhoneOS.platform/Developer/usr/lib/swift/host/plugins/libSwiftUIMacros.dylib\#/Applications/Xcode.app/Contents/Developer/Platforms/iPhoneOS.platform/Developer/usr/bin/swift-plugin-server\#SwiftUIMacros -disable-implicit-swift-modules -Xcc -fno-implicit-modules -Xcc -fno-implicit-module-maps -explicit-swift-module-map-file /Users/macbookpro/Library/Developer/Xcode/DerivedData/SafePath-apaykayydvobvvfarmseathymlsf/Build/Intermediates.noindex/SafePath.build/Debug-iphonesimulator/SafePath.build/Objects-normal/arm64/SafePath-dependencies-1.json -Xllvm -aarch64-use-tbi -enable-objc-interop -sdk /Applications/Xcode.app/Contents/Developer/Platforms/iPhoneSimulator.platform/Developer/SDKs/iPhoneSimulator26.2.sdk -I /Users/macbookpro/Library/Developer/Xcode/DerivedData/SafePath-apaykayydvobvvfarmseathymlsf/Build/Products/Debug-iphonesimulator -F /Users/macbookpro/Library/Developer/Xcode/DerivedData/SafePath-apaykayydvobvvfarmseathymlsf/Build/Products/Debug-iphonesimulator/PackageFrameworks -F /Users/macbookpro/Library/Developer/Xcode/DerivedData/SafePath-apaykayydvobvvfarmseathymlsf/Build/Products/Debug-iphonesimulator/PackageFrameworks -F /Users/macbookpro/Library/Developer/Xcode/DerivedData/SafePath-apaykayydvobvvfarmseathymlsf/Build/Products/Debug-iphonesimulator/PackageFrameworks -F /Users/macbookpro/Library/Developer/Xcode/DerivedData/SafePath-apaykayydvobvvfarmseathymlsf/Build/Products/Debug-iphonesimulator/PackageFrameworks -F /Users/macbookpro/Library/Developer/Xcode/DerivedData/SafePath-apaykayydvobvvfarmseathymlsf/Build/Products/Debug-iphonesimulator/PackageFrameworks -F /Users/macbookpro/Library/Developer/Xcode/DerivedData/SafePath-apaykayydvobvvfarmseathymlsf/Build/Products/Debug-iphonesimulator/PackageFrameworks -F /Users/macbookpro/Library/Developer/Xcode/DerivedData/SafePath-apaykayydvobvvfarmseathymlsf/Build/Products/Debug-iphonesimulator/PackageFrameworks -F /Users/macbookpro/Library/Developer/Xcode/DerivedData/SafePath-apaykayydvobvvfarmseathymlsf/Build/Products/Debug-iphonesimulator/PackageFrameworks -F /Users/macbookpro/Library/Developer/Xcode/DerivedData/SafePath-apaykayydvobvvfarmseathymlsf/Build/Products/Debug-iphonesimulator/PackageFrameworks -F /Users/macbookpro/Library/Developer/Xcode/DerivedData/SafePath-apaykayydvobvvfarmseathymlsf/Build/Products/Debug-iphonesimulator/PackageFrameworks -F /Users/macbookpro/Library/Developer/Xcode/DerivedData/SafePath-apaykayydvobvvfarmseathymlsf/Build/Products/Debug-iphonesimulator/PackageFrameworks -F /Users/macbookpro/Library/Developer/Xcode/DerivedData/SafePath-apaykayydvobvvfarmseathymlsf/Build/Products/Debug-iphonesimulator/PackageFrameworks -F /Users/macbookpro/Library/Developer/Xcode/DerivedData/SafePath-apaykayydvobvvfarmseathymlsf/Build/Products/Debug-iphonesimulator/PackageFrameworks -F /Users/macbookpro/Library/Developer/Xcode/DerivedData/SafePath-apaykayydvobvvfarmseathymlsf/Build/Products/Debug-iphonesimulator/PackageFrameworks -F /Users/macbookpro/Library/Developer/Xcode/DerivedData/SafePath-apaykayydvobvvfarmseathymlsf/Build/Products/Debug-iphonesimulator/PackageFrameworks -F /Users/macbookpro/Library/Developer/Xcode/DerivedData/SafePath-apaykayydvobvvfarmseathymlsf/Build/Products/Debug-iphonesimulator/PackageFrameworks -F /Users/macbookpro/Library/Developer/Xcode/DerivedData/SafePath-apaykayydvobvvfarmseathymlsf/Build/Products/Debug-iphonesimulator/PackageFrameworks -F /Users/macbookpro/Library/Developer/Xcode/DerivedData/SafePath-apaykayydvobvvfarmseathymlsf/Build/Products/Debug-iphonesimulator/PackageFrameworks -F /Users/macbookpro/Library/Developer/Xcode/DerivedData/SafePath-apaykayydvobvvfarmseathymlsf/Build/Products/Debug-iphonesimulator/PackageFrameworks -F /Users/macbookpro/Library/Developer/Xcode/DerivedData/SafePath-apaykayydvobvvfarmseathymlsf/Build/Products/Debug-iphonesimulator/PackageFrameworks -F /Users/macbookpro/Library/Developer/Xcode/DerivedData/SafePath-apaykayydvobvvfarmseathymlsf/Build/Products/Debug-iphonesimulator/PackageFrameworks -F /Users/macbookpro/Library/Developer/Xcode/DerivedData/SafePath-apaykayydvobvvfarmseathymlsf/Build/Products/Debug-iphonesimulator/PackageFrameworks -F /Users/macbookpro/Library/Developer/Xcode/DerivedData/SafePath-apaykayydvobvvfarmseathymlsf/Build/Products/Debug-iphonesimulator/PackageFrameworks -F /Users/macbookpro/Library/Developer/Xcode/DerivedData/SafePath-apaykayydvobvvfarmseathymlsf/Build/Products/Debug-iphonesimulator/PackageFrameworks -F /Users/macbookpro/Library/Developer/Xcode/DerivedData/SafePath-apaykayydvobvvfarmseathymlsf/Build/Products/Debug-iphonesimulator/PackageFrameworks -F /Users/macbookpro/Library/Developer/Xcode/DerivedData/SafePath-apaykayydvobvvfarmseathymlsf/Build/Products/Debug-iphonesimulator/PackageFrameworks -F /Users/macbookpro/Library/Developer/Xcode/DerivedData/SafePath-apaykayydvobvvfarmseathymlsf/Build/Products/Debug-iphonesimulator/PackageFrameworks -F /Users/macbookpro/Library/Developer/Xcode/DerivedData/SafePath-apaykayydvobvvfarmseathymlsf/Build/Products/Debug-iphonesimulator -no-color-diagnostics -Xcc -fno-color-diagnostics -enable-testing -g -debug-info-format\=dwarf -dwarf-version\=5 -module-cache-path /Users/macbookpro/Library/Developer/Xcode/DerivedData/SafePath-apaykayydvobvvfarmseathymlsf/Build/Intermediates.noindex/SwiftExplicitPrecompiledModules -profile-generate -profile-coverage-mapping -swift-version 5 -enforce-exclusivity\=checked -Onone -D DEBUG -serialize-debugging-options -const-gather-protocols-file /Users/macbookpro/Library/Developer/Xcode/DerivedData/SafePath-apaykayydvobvvfarmseathymlsf/Build/Intermediates.noindex/SafePath.build/Debug-iphonesimulator/SafePath.build/Objects-normal/arm64/SafePath_const_extract_protocols.json -enable-upcoming-feature DisableOutwardActorInference -enable-upcoming-feature InferSendableFromCaptures -enable-upcoming-feature GlobalActorIsolatedTypesUsability -enable-upcoming-feature MemberImportVisibility -enable-upcoming-feature InferIsolatedConformances -enable-upcoming-feature NonisolatedNonsendingByDefault -enable-experimental-feature DebugDescriptionMacro -enable-bare-slash-regex -default-isolation\=MainActor -empty-abi-descriptor -validate-clang-modules-once -clang-build-session-file /Users/macbookpro/Library/Developer/Xcode/DerivedData/ModuleCache.noindex/Session.modulevalidation -Xcc -working-directory -Xcc /Users/macbookpro/Documents/MAD/Louie/Untitled -enable-anonymous-context-mangled-names -file-compilation-dir /Users/macbookpro/Documents/MAD/Louie/Untitled -Xcc -fmodule-map-file\=/Users/macbookpro/Library/Developer/Xcode/DerivedData/SafePath-apaykayydvobvvfarmseathymlsf/Build/Intermediates.noindex/GeneratedModuleMaps-iphonesimulator/RecaptchaInterop.modulemap -Xcc -fmodule-map-file\=/Users/macbookpro/Library/Developer/Xcode/DerivedData/SafePath-apaykayydvobvvfarmseathymlsf/Build/Intermediates.noindex/GeneratedModuleMaps-iphonesimulator/GoogleUtilities-Network.modulemap -Xcc -fmodule-map-file\=/Users/macbookpro/Library/Developer/Xcode/DerivedData/SafePath-apaykayydvobvvfarmseathymlsf/Build/Intermediates.noindex/GeneratedModuleMaps-iphonesimulator/GoogleUtilities-Reachability.modulemap -Xcc -fmodule-map-file\=/Users/macbookpro/Library/Developer/Xcode/DerivedData/SafePath-apaykayydvobvvfarmseathymlsf/Build/Intermediates.noindex/GeneratedModuleMaps-iphonesimulator/GoogleUtilities-AppDelegateSwizzler.modulemap -Xcc -fmodule-map-file\=/Users/macbookpro/Library/Developer/Xcode/DerivedData/SafePath-apaykayydvobvvfarmseathymlsf/Build/Intermediates.noindex/GeneratedModuleMaps-iphonesimulator/GTMSessionFetcherCore.modulemap -Xcc -fmodule-map-file\=/Users/macbookpro/Library/Developer/Xcode/DerivedData/SafePath-apaykayydvobvvfarmseathymlsf/Build/Intermediates.noindex/GeneratedModuleMaps-iphonesimulator/FirebaseAuthInternal.modulemap -Xcc -fmodule-map-file\=/Users/macbookpro/Library/Developer/Xcode/DerivedData/SafePath-apaykayydvobvvfarmseathymlsf/Build/Intermediates.noindex/GeneratedModuleMaps-iphonesimulator/FirebaseAuthInterop.modulemap -Xcc -fmodule-map-file\=/Users/macbookpro/Library/Developer/Xcode/DerivedData/SafePath-apaykayydvobvvfarmseathymlsf/Build/Intermediates.noindex/GeneratedModuleMaps-iphonesimulator/GoogleUtilities-NSData.modulemap -Xcc -fmodule-map-file\=/Users/macbookpro/Library/Developer/Xcode/DerivedData/SafePath-apaykayydvobvvfarmseathymlsf/Build/Intermediates.noindex/GeneratedModuleMaps-iphonesimulator/GoogleUtilities-Environment.modulemap -Xcc -fmodule-map-file\=/Users/macbookpro/Library/Developer/Xcode/DerivedData/SafePath-apaykayydvobvvfarmseathymlsf/Build/Intermediates.noindex/GeneratedModuleMaps-iphonesimulator/third-party-IsAppEncrypted.modulemap -Xcc -fmodule-map-file\=/Users/macbookpro/Library/Developer/Xcode/DerivedData/SafePath-apaykayydvobvvfarmseathymlsf/Build/Intermediates.noindex/GeneratedModuleMaps-iphonesimulator/GoogleUtilities-Logger.modulemap -Xcc -fmodule-map-file\=/Users/macbookpro/Library/Developer/Xcode/DerivedData/SafePath-apaykayydvobvvfarmseathymlsf/Build/Intermediates.noindex/GeneratedModuleMaps-iphonesimulator/abslWrapper.modulemap -Xcc -fmodule-map-file\=/Users/macbookpro/Library/Developer/Xcode/DerivedData/SafePath-apaykayydvobvvfarmseathymlsf/Build/Intermediates.noindex/GeneratedModuleMaps-iphonesimulator/opensslWrapper.modulemap -Xcc -fmodule-map-file\=/Users/macbookpro/Library/Developer/Xcode/DerivedData/SafePath-apaykayydvobvvfarmseathymlsf/Build/Intermediates.noindex/GeneratedModuleMaps-iphonesimulator/grpcWrapper.modulemap -Xcc -fmodule-map-file\=/Users/macbookpro/Library/Developer/Xcode/DerivedData/SafePath-apaykayydvobvvfarmseathymlsf/Build/Intermediates.noindex/GeneratedModuleMaps-iphonesimulator/grpcppWrapper.modulemap -Xcc -fmodule-map-file\=/Users/macbookpro/Library/Developer/Xcode/DerivedData/SafePath-apaykayydvobvvfarmseathymlsf/Build/Intermediates.noindex/GeneratedModuleMaps-iphonesimulator/nanopb.modulemap -Xcc -fmodule-map-file\=/Users/macbookpro/Library/Developer/Xcode/DerivedData/SafePath-apaykayydvobvvfarmseathymlsf/Build/Intermediates.noindex/GeneratedModuleMaps-iphonesimulator/leveldb.modulemap -Xcc -fmodule-map-file\=/Users/macbookpro/Library/Developer/Xcode/DerivedData/SafePath-apaykayydvobvvfarmseathymlsf/Build/Intermediates.noindex/GeneratedModuleMaps-iphonesimulator/FirebaseCoreExtension.modulemap -Xcc -fmodule-map-file\=/Users/macbookpro/Library/Developer/Xcode/DerivedData/SafePath-apaykayydvobvvfarmseathymlsf/Build/Intermediates.noindex/GeneratedModuleMaps-iphonesimulator/FirebaseCore.modulemap -Xcc -fmodule-map-file\=/Users/macbookpro/Library/Developer/Xcode/DerivedData/SafePath-apaykayydvobvvfarmseathymlsf/Build/Intermediates.noindex/GeneratedModuleMaps-iphonesimulator/FirebaseAppCheckInterop.modulemap -Xcc -fmodule-map-file\=/Users/macbookpro/Library/Developer/Xcode/DerivedData/SafePath-apaykayydvobvvfarmseathymlsf/Build/Intermediates.noindex/GeneratedModuleMaps-iphonesimulator/FirebaseFirestoreInternalWrapper.modulemap -Xcc -fmodule-map-file\=/Users/macbookpro/Library/Developer/Xcode/DerivedData/SafePath-apaykayydvobvvfarmseathymlsf/Build/Intermediates.noindex/GeneratedModuleMaps-iphonesimulator/FirebaseFirestoreTarget.modulemap -Xcc -D_LIBCPP_HARDENING_MODE\=_LIBCPP_HARDENING_MODE_DEBUG -Xcc -ivfsstatcache -Xcc /Users/macbookpro/Library/Developer/Xcode/DerivedData/SDKStatCaches.noindex/iphonesimulator26.2-23C53-7d00a8b37fbd7999ea79df8ebc024bf0.sdkstatcache -Xcc -I/Users/macbookpro/Library/Developer/Xcode/DerivedData/SafePath-apaykayydvobvvfarmseathymlsf/Build/Intermediates.noindex/SafePath.build/Debug-iphonesimulator/SafePath.build/swift-overrides.hmap -Xcc -iquote -Xcc /Users/macbookpro/Library/Developer/Xcode/DerivedData/SafePath-apaykayydvobvvfarmseathymlsf/Build/Intermediates.noindex/SafePath.build/Debug-iphonesimulator/SafePath.build/SafePath-generated-files.hmap -Xcc -I/Users/macbookpro/Library/Developer/Xcode/DerivedData/SafePath-apaykayydvobvvfarmseathymlsf/Build/Intermediates.noindex/SafePath.build/Debug-iphonesimulator/SafePath.build/SafePath-own-target-headers.hmap -Xcc -I/Users/macbookpro/Library/Developer/Xcode/DerivedData/SafePath-apaykayydvobvvfarmseathymlsf/Build/Intermediates.noindex/SafePath.build/Debug-iphonesimulator/SafePath.build/SafePath-all-non-framework-target-headers.hmap -Xcc -ivfsoverlay -Xcc /Users/macbookpro/Library/Developer/Xcode/DerivedData/SafePath-apaykayydvobvvfarmseathymlsf/Build/Intermediates.noindex/SafePath.build/Debug-iphonesimulator/SafePath-d7d395965230984d6811281806624eaa-VFS-iphonesimulator/all-product-headers.yaml -Xcc -iquote -Xcc /Users/macbookpro/Library/Developer/Xcode/DerivedData/SafePath-apaykayydvobvvfarmseathymlsf/Build/Intermediates.noindex/SafePath.build/Debug-iphonesimulator/SafePath.build/SafePath-project-headers.hmap -Xcc -I/Users/macbookpro/Library/Developer/Xcode/DerivedData/SafePath-apaykayydvobvvfarmseathymlsf/SourcePackages/checkouts/interop-ios-for-google-sdks/RecaptchaEnterprise/RecaptchaInterop/Public -Xcc -I/Users/macbookpro/Library/Developer/Xcode/DerivedData/SafePath-apaykayydvobvvfarmseathymlsf/SourcePackages/checkouts/GoogleUtilities/GoogleUtilities/Network/Public -Xcc -I/Users/macbookpro/Library/Developer/Xcode/DerivedData/SafePath-apaykayydvobvvfarmseathymlsf/SourcePackages/checkouts/GoogleUtilities/GoogleUtilities/Reachability/Public -Xcc -I/Users/macbookpro/Library/Developer/Xcode/DerivedData/SafePath-apaykayydvobvvfarmseathymlsf/SourcePackages/checkouts/GoogleUtilities/GoogleUtilities/AppDelegateSwizzler/Public -Xcc -I/Users/macbookpro/Library/Developer/Xcode/DerivedData/SafePath-apaykayydvobvvfarmseathymlsf/SourcePackages/checkouts/gtm-session-fetcher/Sources/Core/Public -Xcc -I/Users/macbookpro/Library/Developer/Xcode/DerivedData/SafePath-apaykayydvobvvfarmseathymlsf/SourcePackages/checkouts/firebase-ios-sdk/FirebaseAuth/Sources/Public -Xcc -I/Users/macbookpro/Library/Developer/Xcode/DerivedData/SafePath-apaykayydvobvvfarmseathymlsf/SourcePackages/checkouts/firebase-ios-sdk/FirebaseAuth/Interop/Public -Xcc -I/Users/macbookpro/Library/Developer/Xcode/DerivedData/SafePath-apaykayydvobvvfarmseathymlsf/SourcePackages/checkouts/GoogleUtilities/GoogleUtilities/NSData+zlib/Public -Xcc -I/Users/macbookpro/Library/Developer/Xcode/DerivedData/SafePath-apaykayydvobvvfarmseathymlsf/SourcePackages/checkouts/GoogleUtilities/GoogleUtilities/Environment/Public -Xcc -I/Users/macbookpro/Library/Developer/Xcode/DerivedData/SafePath-apaykayydvobvvfarmseathymlsf/SourcePackages/checkouts/GoogleUtilities/third_party/IsAppEncrypted/Public -Xcc -I/Users/macbookpro/Library/Developer/Xcode/DerivedData/SafePath-apaykayydvobvvfarmseathymlsf/SourcePackages/checkouts/GoogleUtilities/GoogleUtilities/Logger/Public -Xcc -I/Users/macbookpro/Library/Developer/Xcode/DerivedData/SafePath-apaykayydvobvvfarmseathymlsf/SourcePackages/checkouts/abseil-cpp-binary/absl-Wrapper/include -Xcc -I/Users/macbookpro/Library/Developer/Xcode/DerivedData/SafePath-apaykayydvobvvfarmseathymlsf/SourcePackages/checkouts/grpc-binary/openssl-grpc-Wrapper/include -Xcc -I/Users/macbookpro/Library/Developer/Xcode/DerivedData/SafePath-apaykayydvobvvfarmseathymlsf/SourcePackages/checkouts/grpc-binary/grpc-Wrapper/include -Xcc -I/Users/macbookpro/Library/Developer/Xcode/DerivedData/SafePath-apaykayydvobvvfarmseathymlsf/SourcePackages/checkouts/grpc-binary/grpcpp-Wrapper/include -Xcc -I/Users/macbookpro/Library/Developer/Xcode/DerivedData/SafePath-apaykayydvobvvfarmseathymlsf/SourcePackages/checkouts/nanopb/spm_headers -Xcc -I/Users/macbookpro/Library/Developer/Xcode/DerivedData/SafePath-apaykayydvobvvfarmseathymlsf/SourcePackages/checkouts/leveldb/include -Xcc -I/Users/macbookpro/Library/Developer/Xcode/DerivedData/SafePath-apaykayydvobvvfarmseathymlsf/SourcePackages/checkouts/firebase-ios-sdk/FirebaseCore/Extension -Xcc -I/Users/macbookpro/Library/Developer/Xcode/DerivedData/SafePath-apaykayydvobvvfarmseathymlsf/SourcePackages/checkouts/firebase-ios-sdk/FirebaseCore/Sources/Public -Xcc -I/Users/macbookpro/Library/Developer/Xcode/DerivedData/SafePath-apaykayydvobvvfarmseathymlsf/SourcePackages/checkouts/firebase-ios-sdk/CoreOnly/Sources -Xcc -I/Users/macbookpro/Library/Developer/Xcode/DerivedData/SafePath-apaykayydvobvvfarmseathymlsf/SourcePackages/checkouts/firebase-ios-sdk/FirebaseAppCheck/Interop/Public -Xcc -I/Users/macbookpro/Library/Developer/Xcode/DerivedData/SafePath-apaykayydvobvvfarmseathymlsf/SourcePackages/checkouts/firebase-ios-sdk/FirebaseFirestoreInternal -Xcc -I/Users/macbookpro/Library/Developer/Xcode/DerivedData/SafePath-apaykayydvobvvfarmseathymlsf/SourcePackages/checkouts/firebase-ios-sdk/SwiftPM-PlatformExclude/FirebaseFirestoreWrap/include -Xcc -I/Users/macbookpro/Library/Developer/Xcode/DerivedData/SafePath-apaykayydvobvvfarmseathymlsf/Build/Products/Debug-iphonesimulator/include -Xcc -I/Users/macbookpro/Library/Developer/Xcode/DerivedData/SafePath-apaykayydvobvvfarmseathymlsf/Build/Intermediates.noindex/SafePath.build/Debug-iphonesimulator/SafePath.build/DerivedSources-normal/arm64 -Xcc -I/Users/macbookpro/Library/Developer/Xcode/DerivedData/SafePath-apaykayydvobvvfarmseathymlsf/Build/Intermediates.noindex/SafePath.build/Debug-iphonesimulator/SafePath.build/DerivedSources/arm64 -Xcc -I/Users/macbookpro/Library/Developer/Xcode/DerivedData/SafePath-apaykayydvobvvfarmseathymlsf/Build/Intermediates.noindex/SafePath.build/Debug-iphonesimulator/SafePath.build/DerivedSources -Xcc -DDEBUG\=1 -no-auto-bridging-header-chaining -module-name SafePath -frontend-parseable-output -disable-clang-spi -target-sdk-version 26.2 -target-sdk-name iphonesimulator26.2 -clang-target arm64-apple-ios26.2-simulator -in-process-plugin-server-path /Applications/Xcode.app/Contents/Developer/Toolchains/XcodeDefault.xctoolchain/usr/lib/swift/host/libSwiftInProcPluginServer.dylib -emit-module-doc-path /Users/macbookpro/Library/Developer/Xcode/DerivedData/SafePath-apaykayydvobvvfarmseathymlsf/Build/Intermediates.noindex/SafePath.build/Debug-iphonesimulator/SafePath.build/Objects-normal/arm64/SafePath.swiftdoc -emit-module-source-info-path /Users/macbookpro/Library/Developer/Xcode/DerivedData/SafePath-apaykayydvobvvfarmseathymlsf/Build/Intermediates.noindex/SafePath.build/Debug-iphonesimulator/SafePath.build/Objects-normal/arm64/SafePath.swiftsourceinfo -emit-objc-header-path /Users/macbookpro/Library/Developer/Xcode/DerivedData/SafePath-apaykayydvobvvfarmseathymlsf/Build/Intermediates.noindex/SafePath.build/Debug-iphonesimulator/SafePath.build/Objects-normal/arm64/SafePath-Swift.h -serialize-diagnostics-path /Users/macbookpro/Library/Developer/Xcode/DerivedData/SafePath-apaykayydvobvvfarmseathymlsf/Build/Intermediates.noindex/SafePath.build/Debug-iphonesimulator/SafePath.build/Objects-normal/arm64/SafePath-primary-emit-module.dia -emit-dependencies-path /Users/macbookpro/Library/Developer/Xcode/DerivedData/SafePath-apaykayydvobvvfarmseathymlsf/Build/Intermediates.noindex/SafePath.build/Debug-iphonesimulator/SafePath.build/Objects-normal/arm64/SafePath-primary-emit-module.d -o /Users/macbookpro/Library/Developer/Xcode/DerivedData/SafePath-apaykayydvobvvfarmseathymlsf/Build/Intermediates.noindex/SafePath.build/Debug-iphonesimulator/SafePath.build/Objects-normal/arm64/SafePath.swiftmodule -emit-abi-descriptor-path /Users/macbookpro/Library/Developer/Xcode/DerivedData/SafePath-apaykayydvobvvfarmseathymlsf/Build/Intermediates.noindex/SafePath.build/Debug-iphonesimulator/SafePath.build/Objects-normal/arm64/SafePath.abi.json

EmitSwiftModule normal arm64 (in target 'SafePath' from project 'SafePath')
    cd /Users/macbookpro/Documents/MAD/Louie/Untitled
    
/Users/macbookpro/Documents/MAD/Louie/Untitled/SafePath/Services/LocationService.swift:5:1: warning: extension declares a conformance of imported type 'CLLocationCoordinate2D' to imported protocol 'Equatable'; this will not behave correctly if the owners of '_LocationEssentials' introduce this conformance in the future
extension CLLocationCoordinate2D: Equatable {
^
/Users/macbookpro/Documents/MAD/Louie/Untitled/SafePath/Services/LocationService.swift:5:1: note: add '@retroactive' to silence this warning
extension CLLocationCoordinate2D: Equatable {
^                                 ~~~~~~~~~
                                  @retroactive Equatable
/Users/macbookpro/Documents/MAD/Louie/Untitled/SafePath/Views/Person3/CustomizeChecklistPadView.swift:9:57: error: type 'KitCategory' has no member 'waterFood'
    @State private var selectedCategory: KitCategory = .waterFood
                                                       ~^~~~~~~~~

SwiftCompile normal arm64 Compiling\ DisasterPreparationGuidePadView.swift,\ FirstAidGuideDetailPadView.swift,\ FirstAidGuideDetailView.swift /Users/macbookpro/Documents/MAD/Louie/Untitled/SafePath/Views/Person3/DisasterPreparationGuidePadView.swift /Users/macbookpro/Documents/MAD/Louie/Untitled/SafePath/Views/Person3/FirstAidGuideDetailPadView.swift /Users/macbookpro/Documents/MAD/Louie/Untitled/SafePath/Views/Person3/FirstAidGuideDetailView.swift (in target 'SafePath' from project 'SafePath')

SwiftCompile normal arm64 /Users/macbookpro/Documents/MAD/Louie/Untitled/SafePath/Views/Person3/DisasterPreparationGuidePadView.swift (in target 'SafePath' from project 'SafePath')
    cd /Users/macbookpro/Documents/MAD/Louie/Untitled
    

SwiftCompile normal arm64 /Users/macbookpro/Documents/MAD/Louie/Untitled/SafePath/Views/Person3/FirstAidGuideDetailPadView.swift (in target 'SafePath' from project 'SafePath')
    cd /Users/macbookpro/Documents/MAD/Louie/Untitled
    

SwiftCompile normal arm64 /Users/macbookpro/Documents/MAD/Louie/Untitled/SafePath/Views/Person3/FirstAidGuideDetailView.swift (in target 'SafePath' from project 'SafePath')
    cd /Users/macbookpro/Documents/MAD/Louie/Untitled
    

SwiftCompile normal arm64 Compiling\ FirstAidGuidePadView.swift,\ PreparednessPadView.swift,\ PreparednessView.swift /Users/macbookpro/Documents/MAD/Louie/Untitled/SafePath/Views/Person3/FirstAidGuidePadView.swift /Users/macbookpro/Documents/MAD/Louie/Untitled/SafePath/Views/Person3/PreparednessPadView.swift /Users/macbookpro/Documents/MAD/Louie/Untitled/SafePath/Views/Person3/PreparednessView.swift (in target 'SafePath' from project 'SafePath')

SwiftCompile normal arm64 /Users/macbookpro/Documents/MAD/Louie/Untitled/SafePath/Views/Person3/FirstAidGuidePadView.swift (in target 'SafePath' from project 'SafePath')
    cd /Users/macbookpro/Documents/MAD/Louie/Untitled
    

SwiftCompile normal arm64 /Users/macbookpro/Documents/MAD/Louie/Untitled/SafePath/Views/Person3/PreparednessPadView.swift (in target 'SafePath' from project 'SafePath')
    cd /Users/macbookpro/Documents/MAD/Louie/Untitled
    

SwiftCompile normal arm64 /Users/macbookpro/Documents/MAD/Louie/Untitled/SafePath/Views/Person3/PreparednessView.swift (in target 'SafePath' from project 'SafePath')
    cd /Users/macbookpro/Documents/MAD/Louie/Untitled
    

** TEST BUILD FAILED **


The following build commands failed:
	SwiftEmitModule normal arm64 Emitting\ module\ for\ SafePath (in target 'SafePath' from project 'SafePath')
	EmitSwiftModule normal arm64 (in target 'SafePath' from project 'SafePath')
	Building project SafePath for testing with scheme SafePath
(3 failures)
